surname,district,past_local,present_local,past_national,present_national,raw_total
เทียนทอง,สระแก้ว,1,1,1,1,36
ศิลปอาชา,สุพรรณบุรี,0,0,1,1,31
สะสมทรัพย์,นครปฐม,0,1,1,1,29
ชิดชอบ,บุรีรัมย์,1,0,1,1,24
ขจรประศาสน์,พิจิตร,0,0,1,1,22
ทองศรี,บุรีรัมย์,1,0,1,1,22
คุณปลื้ม,ชลบุรี,1,1,1,1,22
เทือกสุบรรณ,สุราษฎร์ธานี,1,0,1,0,19
ลิปตพัลลภ,นครราชสีมา,0,0,1,1,19
อดิเรกสาร,สระบุรี,0,0,1,0,19
เทพสุทิน,สุโขทัย,0,0,1,1,19
ลักษณวิศิษฏ์,พังงา,0,0,1,1,1
ฉายแสง,ฉะเชิงเทรา,0,0,1,0,18
หาญสวัสดิ์,ปทุมธานี,0,0,1,0,18
โพธสุธน,สุพรรณบุรี,0,0,1,1,17
ปริศนานันทกุล,อ่างทอง,0,0,1,1,17
เทียนทอง,ปราจีนบุรี,0,0,1,0,16
จันทรสุรินทร์,ลำปาง,0,0,1,1,16
ปิตุเตชะ,ระยอง,1,1,1,1,16
คุณกิตติ,ขอนแก่น,0,0,1,0,16
โล่ห์สุนทร,ลำปาง,0,1,1,1,16
อมรวิวัฒน์,เชียงใหม่,0,0,1,1,16
อัศวเหม,สมุทรปราการ,1,0,1,1,16
รัตนเศรษฐ,นครราชสีมา,0,0,1,1,15
สุวรรณคีรี,สงขลา,0,0,1,0,15
แก้วทอง,พิจิตร,1,0,1,0,15
จินตะเวช,อุบลราชธานี,0,0,1,1,15
เสนเนียม,สงขลา,0,0,1,1,15
ตันเจริญ,ฉะเชิงเทรา,1,0,1,1,15
คำประกอบ,นครสวรรค์,0,0,1,1,14
อยู่บำรุง,กรุงเทพมหานคร,0,0,1,1,14
กลิ่นประทุม,ราชบุรี,0,0,1,1,14
พร้อมพัฒน์,เพชรบูรณ์,0,0,1,1,14
ศรีธเรศ,กาฬสินธุ์,0,0,1,1,14
จรรย์โกมล,ชัยภูมิ,1,0,1,0,14
ไชยสาส์น,อุดรธานี,0,0,1,1,14
วันไชยธนวงศ์,เชียงราย,1,1,1,1,14
จันทร์ประสงค์,นนทบุรี,0,0,1,1,14
วิลาวัลย์,ปราจีนบุรี,1,1,1,1,14
วัชราภรณ์,ศรีสะเกษ,0,0,1,0,14
เทียนทอง,กรุงเทพมหานคร,0,0,1,0,13
มะทา,ยะลา,1,1,1,1,13
เอื้ออภิญญกุล,แพร่,0,0,1,0,13
พั้วช่วย,เพชรบูรณ์,1,0,1,1,13
หลีกภัย,ตรัง,1,0,1,1,13
คนสมบูรณ์,ชัยภูมิ,1,0,1,1,13
ไกรวัตนุสสรณ์,สมุทรสาคร,1,1,1,0,13
สุวรรณฉวี,นครราชสีมา,1,0,1,0,13
มุ่งเจริญพร,สุรินทร์,1,1,1,1,13
เอ่งฉ้วน,กระบี่,1,0,1,0,13
เร่งสมบูรณ์สุข,เลย,0,0,1,0,12
จุรีมาศ,ร้อยเอ็ด,1,0,1,1,12
ทองใจสด,เพชรบูรณ์,1,1,1,1,12
เวชชาชีวะ,จันทบุรี,0,0,1,1,12
เกยุราพันธุ์,กรุงเทพมหานคร,0,0,1,0,12
ประเสริฐสุวรรณ,สุพรรณบุรี,1,0,1,1,12
เงินหมื่น,อำนาจเจริญ,0,0,1,1,12
ทิมสุวรรณ,เลย,1,1,1,1,12
เตชะไพบูลย์,บุรีรัมย์,0,0,1,0,12
เวชชาชีวะ,กรุงเทพมหานคร,0,0,1,1,12
นามบุตร,อุบลราชธานี,0,0,1,1,12
ทัพพะรังสี,นครราชสีมา,0,0,1,0,12
ศักดิเศรษฐ์,นครศรีธรรมราช,0,0,1,0,12
หัตถสงเคราะห์,หนองบัวลำภู,0,0,1,1,12
มูลศาสตรสาทร,สุรินทร์,0,0,1,0,12
ภัทรประสิทธิ์,พิจิตร,0,1,1,0,12
คงเพชร,ร้อยเอ็ด,1,0,1,1,12
ไชยนันทน์,ตาก,0,0,1,1,12
สุนทรเวช,กรุงเทพมหานคร,0,0,1,0,12
เตชะธีราวัฒน์,เชียงราย,0,0,1,1,11
ยงใจยุทธ,นครพนม,0,0,1,0,11
รัตนากร,กำแพงเพชร,1,1,1,0,11
นาเมืองรักษ์,ร้อยเอ็ด,1,0,1,1,11
อังกินันทน์,เพชรบุรี,1,1,1,0,11
บรรทัดฐาน,สุราษฎร์ธานี,0,0,1,1,11
ชินวัตร,เชียงใหม่,0,0,1,0,11
เที่ยงธรรม,สุพรรณบุรี,0,0,1,1,11
ขาวขำ,อุดรธานี,1,1,1,1,11
มาศดิตถ์,นครศรีธรรมราช,0,0,1,0,11
ยงใจยุทธ,นนทบุรี,0,0,1,0,11
วรปัญญา,ลพบุรี,0,0,1,0,11
สงวนวงศ์ชัย,ชัยภูมิ,1,0,1,0,11
โควสุรัตน์,อุบลราชธานี,1,0,1,1,11
ภุมมะกาญจนะ,ปราจีนบุรี,0,0,1,1,11
ศรีตะบุตร,หนองคาย,1,1,1,0,11
ฟองงาม,อุบลราชธานี,1,0,1,1,11
สมชัย,อุบลราชธานี,0,0,1,1,10
ธรรมเพชร,พัทลุง,1,1,1,0,10
สงฆ์ประชา,ชัยนาท,0,0,1,1,10
วงศ์วรรณ,แพร่,1,1,1,0,10
ลิกค์,กำแพงเพชร,0,0,1,1,10
เพียงเกษ,ขอนแก่น,0,0,1,0,10
วงศ์สวัสดิ์,เชียงใหม่,0,0,1,0,10
ลิมปะพันธุ์,สุโขทัย,0,0,1,1,10
สุขธนะ,อุดรธานี,1,0,1,0,10
กัลป์ตินันท์,อุบลราชธานี,0,1,1,1,10
ติยะไพรัช,เชียงราย,0,0,1,1,10
พันธุ์วิชาติกุล,กระบี่,0,0,1,1,10
ชัยวิรัตนะ,ชัยภูมิ,0,0,1,0,10
เอียสกุล,หนองคาย,0,0,1,0,10
ชินวัตร,กรุงเทพมหานคร,0,0,1,0,10
พลบุตร,เพชรบุรี,0,0,1,0,10
จิระพันธุ์วาณิช,ลพบุรี,1,1,1,1,10
บุณยเกียรติ,นครศรีธรรมราช,0,0,1,1,10
อรรณนพพร,ขอนแก่น,0,0,1,1,10
เกียรติสุรนนท์,ขอนแก่น,0,0,1,0,10
อนรรฆพันธ์,เพชรบูรณ์,1,0,1,1,10
ขามช่วง,ร้อยเอ็ด,1,0,1,1,10
ครุฑขุนทด,นครราชสีมา,0,0,1,0,10
พรพฤฒิพันธุ์,เพชรบูรณ์,1,0,1,1,10
ศรีวรขาน,นครพนม,0,0,1,1,9
ชามพูนท,พิษณุโลก,0,0,1,0,9
แขวัฒนะ,พระนครศรีอยุธยา,0,0,1,0,9
ชาญนุกูล,นครราชสีมา,0,0,1,0,9
แก้วพิจิตร,นครปฐม,0,0,1,1,9
ศิริพานิชย์,มหาสารคาม,0,0,1,1,9
ศิริวัฒน์,อุตรดิตถ์,0,0,1,0,9
ซารัมย์,บุรีรัมย์,0,0,1,1,9
ร่วมพัฒนา,สุรินทร์,1,0,1,0,9
ณ เชียงใหม่,เชียงใหม่,0,0,1,0,9
สนิทวงศ์ชัย,อุดรธานี,0,0,1,0,9
เปาอินทร์,อ่างทอง,1,0,1,0,9
วงศ์วรรณ,ลำพูน,0,1,1,0,9
นาคาศัย,ชัยนาท,1,1,1,1,9
บุญ-หลง,นครนายก,1,0,1,0,9
บุญญามณี,สงขลา,1,0,1,1,9
เงินหมื่น,อุบลราชธานี,0,0,1,1,9
มุสิกุล,กำแพงเพชร,0,0,1,0,9
บูรณ์พงศ์,นครพนม,0,0,1,1,9
มนะสิการ,พิษณุโลก,0,0,1,0,9
อ่อนละมัย,ชุมพร,0,0,1,1,9
พงษ์พานิช,พระนครศรีอยุธยา,0,0,1,0,9
อินทรสมบัติ,พัทลุง,0,0,1,0,9
พริ้งศุลกะ,สุราษฎร์ธานี,0,0,1,1,9
พลซื่อ,ร้อยเอ็ด,0,1,1,0,9
ไวนิยมพงศ์,ร้อยเอ็ด,1,0,1,0,9
ไกรฤกษ์,พิษณุโลก,0,0,1,1,9
จารุสมบัติ,หนองคาย,0,0,1,0,9
กาญจนะ,สุราษฎร์ธานี,0,0,1,1,9
รัตนเสถียร,นนทบุรี,0,0,1,0,8
สิรินุกุล,กาญจนบุรี,0,0,1,0,8
หงสกุล,กรุงเทพมหานคร,0,0,1,0,8
จันทาทอง,หนองคาย,0,0,1,1,8
แก้วภราดัย,นครศรีธรรมราช,0,0,1,0,8
เลาหพงศ์ชนะ,อุบลราชธานี,0,0,1,1,8
กิตติธเนศวร,นครนายก,0,0,1,1,8
โชคชัยวัฒนากร,มหาสารคาม,0,0,1,1,8
ร่มเย็น,ระนอง,0,0,1,0,8
จันทร์พิทักษ์,กรุงเทพมหานคร,0,0,1,0,8
เรี่ยวแรง,นนทบุรี,1,0,1,1,8
รัตนพันธ์,นครศรีธรรมราช,1,0,1,1,8
พัธโนทัย,สมุทรปราการ,0,0,1,0,8
พันธ์เจริญวรกุล,พระนครศรีอยุธยา,1,1,1,1,8
สุปริยศิลป์,น่าน,0,0,1,1,8
ตรีทอง,ลำปาง,0,0,1,0,8
พิศสุวรรณ,นครศรีธรรมราช,0,0,1,0,8
ม่วงศิริ,กรุงเทพมหานคร,0,0,1,0,8
ใจสมุทร,สตูล,0,0,1,1,8
ประเสริฐโสภา,ราชบุรี,1,0,1,1,8
วงศ์หนองเตย,ตรัง,0,0,1,1,8
บรรทัดฐาน,กรุงเทพมหานคร,0,0,1,1,8
เพศประเสริฐ,นครราชสีมา,0,0,1,0,8
โพธิพิพิธ,กาญจนบุรี,0,0,1,1,8
วิชัยกุล,นครศรีธรรมราช,0,0,1,1,8
บรรณวัฒน์,ตาก,0,0,1,1,8
ศิริลัทธยากร,ฉะเชิงเทรา,0,0,1,1,8
ศรีสุรินทร์,สุรินทร์,0,0,1,1,8
นิลวัชรมณี,สุราษฎร์ธานี,0,0,1,1,8
นิโรจน์,นครสวรรค์,0,0,1,1,7
พะลัง,ชุมพร,0,0,1,0,7
พัฒโน,สงขลา,0,0,1,0,7
ทองปากน้ำ,สุโขทัย,1,0,1,0,7
นุ้ยปรี,อุทัยธานี,1,1,1,0,7
ทรงคำ,เชียงใหม่,1,0,1,1,7
พันธ์เกษม,นครราชสีมา,1,0,1,1,7
คันธวงศ์,กรุงเทพมหานคร,0,0,1,0,7
ทองสมัคร,นครศรีธรรมราช,0,0,1,0,7
เตาะเจริญสุข,ขอนแก่น,1,0,1,1,7
คล้ามไพบูลย์,กรุงเทพมหานคร,0,0,1,1,7
ทับสุวรรณ,สมุทรสาคร,0,0,1,1,7
ด่านไพบูลย์,ลำพูน,1,0,1,0,7
อัจฉริยะประสิทธิ์,นนทบุรี,1,0,1,0,7
อาภรณ์รัตน์,กำแพงเพชร,0,0,1,1,7
เครือรัตน์,ศรีสะเกษ,0,0,1,0,7
บุญศล,สกลนคร,0,0,1,1,7
เกียรติไชยากร,เชียงใหม่,0,0,1,0,7
ปทุมารักษ์,นครปฐม,0,0,1,0,7
เกสรทอง,เพชรบูรณ์,0,0,1,0,7
จงสุทธนามณี,เชียงราย,0,0,1,1,7
เพ็งนรพัฒน์,ศรีสะเกษ,0,0,1,1,7
ตีรสวัสดิชัย,สกลนคร,0,0,1,1,7
ทรัพยสิทธิ์,นครพนม,0,0,1,0,7
บุญมี,นครปฐม,0,0,1,0,7
อินทร์รอด,หนองคาย,1,0,1,1,7
ปัญญาดี,เชียงราย,1,0,1,0,7
โภคกุลกานนท์,อุบลราชธานี,1,0,1,0,7
อุตรสินธุ์,นราธิวาส,0,0,1,0,7
เจริญเชื้อ,ขอนแก่น,1,0,1,1,7
พงษ์พานิช,ขอนแก่น,0,0,1,0,7
เลิศนุวัฒน์,เชียงราย,0,0,1,1,7
พยัคฆบุตร,ลำปาง,0,0,1,0,7
หัตถสงเคราะห์,อุดรธานี,0,0,1,0,7
เขียวฤทธิ์,สุโขทัย,1,0,1,0,7
คลังผา,ลพบุรี,1,0,1,0,7
ไตรสรณกุล,ศรีสะเกษ,1,1,1,1,7
วงศ์สวัสดิ์,ลำพูน,0,0,1,0,7
วงศ์สวัสดิ์,ลำปาง,0,0,1,0,7
สาระผล,ขอนแก่น,0,0,1,0,7
สุขารมณ์,กาญจนบุรี,0,0,1,0,7
แซ่จึง,ศรีสะเกษ,1,0,1,1,7
ลาภาโรจน์กิจ,สงขลา,0,0,1,0,7
การิกาญจน์,นครศรีธรรมราช,0,0,1,0,7
กงเพชร,มหาสารคาม,0,0,1,0,7
ฤกษ์หร่าย,กำแพงเพชร,0,0,1,1,7
ชัยเชาวรัตน์,อุดรธานี,0,0,1,0,7
สุนทรวัฒน์,สระบุรี,0,0,1,0,7
ระหงษ์,สมุทรสาคร,0,0,1,0,7
สภาวสุ,พระนครศรีอยุธยา,0,0,1,0,7
จีนาภักดิ์,กาญจนบุรี,1,0,1,0,7
ยาวอหะซัน,นราธิวาส,1,1,1,1,7
ศรีอ่อน,ประจวบคีรีขันธ์,0,0,1,1,7
ไกรคุปต์,ราชบุรี,0,0,1,1,7
ไพรสณฑ์,กรุงเทพมหานคร,0,0,1,0,7
มามะ,นราธิวาส,0,0,1,0,7
ศรีแก้ว,น่าน,0,0,1,1,6
ประจวบเหมาะ,ประจวบคีรีขันธ์,0,0,1,0,6
สินธุไพร,ร้อยเอ็ด,0,0,1,1,6
วงษ์ประยูร,สระบุรี,0,0,1,1,6
เทพบุตร,ภูเก็ต,0,0,1,0,6
สาลีรัฐวิภาค,กรุงเทพมหานคร,0,0,1,1,6
การุญ,ระยอง,0,0,1,0,6
วิชยสุทธิ์,นครพนม,0,0,1,1,6
นพขำ,ปทุมธานี,1,0,1,1,6
นพอมรบดี,ราชบุรี,0,0,1,1,6
วิชัยดิษฐ,สุราษฎร์ธานี,0,0,1,0,6
จันทรรวงทอง,นครราชสีมา,0,0,1,1,6
เตริยาภิรมย์,เชียงใหม่,0,0,1,0,6
จรัสดำรงนิตย์,ศรีสะเกษ,0,0,1,0,6
โพธิ์สุ,นครพนม,0,1,1,1,6
สมวงศ์,ยโสธร,1,1,1,1,6
สมพงษ์,กรุงเทพมหานคร,0,0,1,0,6
วีสมหมาย,ศรีสะเกษ,0,0,1,0,6
นาคสุข,ยโสธร,1,0,0,0,6
เตียวเจริญโสภา,สุรินทร์,1,0,1,0,6
สมทรัพย์,ร้อยเอ็ด,0,0,1,1,6
สภาวสุ,นครราชสีมา,0,0,1,0,6
สบายเมือง,กำแพงเพชร,1,0,1,0,6
ศิริวันสาณฑ์,นครสวรรค์,0,0,1,0,6
ศรีพันธุ์,อุดรธานี,1,0,1,1,6
ไทยเศรษฐ์,อุทัยธานี,1,0,1,1,6
สลักเพชร,ตราด,0,0,1,0,6
สุวิทย์,สงขลา,0,0,1,0,6
คูวิจิตรสุวรรณ,สระบุรี,1,0,1,0,6
อนามพงษ์,จันทบุรี,0,0,1,0,6
สุภาแพ่ง,เพชรบุรี,0,0,1,0,6
พิทักษ์พรพัลลภ,อุบลราชธานี,0,0,1,1,6
อรุณเวสสะเศรษฐ,ระยอง,1,0,1,0,6
โสภณพนิช,กรุงเทพมหานคร,0,0,1,1,6
ยังตรง,สมุทรปราการ,0,0,1,0,6
สุวรรณทัต,กรุงเทพมหานคร,0,0,1,0,6
พูนศรีธนากูล,สุรินทร์,1,0,1,1,6
รักความสุข,สกลนคร,0,0,1,0,6
ทั่งทอง,ประจวบคีรีขันธ์,0,0,1,0,6
โหตระไวศยะ,ศรีสะเกษ,0,0,1,1,6
มีนชัยนันท์,กรุงเทพมหานคร,0,0,1,0,6
มงคลธรรม,กาฬสินธุ์,0,0,1,0,6
มณีรัตน์,ลำพูน,0,0,1,1,6
มนตริวัต,กาญจนบุรี,0,0,1,0,6
ระหงษ์,สมุทรปราการ,0,0,1,0,6
รังสิตพล,กรุงเทพมหานคร,0,0,1,0,6
อุไรรัตน์,ฉะเชิงเทรา,0,0,1,0,6
พงษ์สุวรรณศิริ,ยะลา,0,0,1,0,6
สุไลมาน,ปัตตานี,0,0,1,1,6
กิจเลิศไพโรจน์,สมุทรปราการ,0,0,1,1,6
อุตโมท,จันทบุรี,0,0,1,0,6
สีหลักษณ์,อุตรดิตถ์,0,0,1,0,6
ลิ้มตระกูล,อุตรดิตถ์,0,0,1,1,6
คุณเงิน,ขอนแก่น,0,0,1,1,6
พรหมา,หนองบัวลำภู,0,0,1,1,6
รุ่งธนเกียรติ,สุรินทร์,1,0,1,0,6
ลัทธศักดิ์ศิริ,ราชบุรี,0,0,1,0,6
โล่สถาพรพิพิธ,ตรัง,0,1,1,1,6
โล่ห์วีระ,ชัยภูมิ,0,1,1,0,6
พร้อมพันธุ์,นครราชสีมา,0,0,1,0,6
พลเดช,บุรีรัมย์,0,0,1,0,6
ฤกษ์สำราญ,กรุงเทพมหานคร,0,0,1,0,6
ปุณณกันต์,กรุงเทพมหานคร,0,0,1,1,6
อึ้งอัมพรวิไล,ปทุมธานี,0,0,1,1,6
ทองศรี,บึงกาฬ,0,1,1,1,6
ตันติสุนทร,ตาก,0,0,1,0,6
เล็กอุทัย,อุตรดิตถ์,0,0,1,0,6
ชัยรุ่งเรือง,มหาสารคาม,0,0,1,0,6
จิรเมธากร,อุดรธานี,0,0,1,0,6
เลิศด้วยลาภ,นครราชสีมา,0,0,1,1,6
ชัยจิตวณิชกุล,อุดรธานี,0,0,1,0,6
เลาวัณย์ศิริ,นครราชสีมา,1,0,1,0,6
ชีวานันท์,พระนครศรีอยุธยา,0,0,1,1,6
จารุสมบัติ,ฉะเชิงเทรา,0,0,1,0,6
ด่านชัยวิจิตร,พระนครศรีอยุธยา,0,0,1,1,6
ตรีรัตน์ณรงค์,เชียงราย,0,0,1,0,6
ซูสารอ,ปัตตานี,1,0,1,1,6
เลี้ยงผ่องพันธุ์,บุรีรัมย์,0,0,1,0,6
เลิศไกร,สุราษฎร์ธานี,0,0,1,1,5
อังคสกุลเกียรติ,ศรีสะเกษ,1,0,1,1,5
คลังแสง,มหาสารคาม,1,0,1,1,5
ตันเถียร กุลจรรยาวิวัฒน์,พังงา,0,0,1,1,5
พานิชภักดิ์,กรุงเทพมหานคร,0,0,1,0,5
เสนพงศ์,นครศรีธรรมราช,1,0,1,1,5
คานเขต,ยโสธร,0,0,1,0,5
หิรัญโชติ,ร้อยเอ็ด,0,0,1,0,5
เสรีรักษ์,แพร่,0,0,1,0,5
พลบุตร,จันทบุรี,0,0,1,0,5
โสณกุล,กรุงเทพมหานคร,0,0,1,1,5
มฤคพิทักษ์,กรุงเทพมหานคร,0,0,1,0,5
พิทยาภรณ์,นครราชสีมา,0,0,1,1,5
จันทร์สว่าง,สุพรรณบุรี,1,0,1,0,5
อิสระเสนารักษ์,นครนายก,1,0,1,0,5
จาติกวาณิช,กรุงเทพมหานคร,0,0,1,1,5
บุรณศิริ,พระนครศรีอยุธยา,0,0,1,0,5
บูรณุปกรณ์,เชียงใหม่,1,0,1,1,5
งามพิเชษฐ์,ชลบุรี,0,0,1,0,5
โรจนเสถียร,นครสวรรค์,0,0,1,0,5
เรืองกาญจนเศรษฐ์,สุรินทร์,0,0,1,0,5
เกียรติก้องชูชัย,ชัยภูมิ,0,0,1,1,5
ประภากรแก้วรัตน์,ชัยภูมิ,0,0,1,0,5
ประสพดี,สมุทรปราการ,0,0,1,0,5
ปราศจากศัตรู,แพร่,0,0,1,1,5
ปะติเส,มหาสารคาม,1,0,1,0,5
ตั้งภากรณ์,นครสวรรค์,0,0,1,0,5
ปัทมสิริวัฒน์,พิษณุโลก,0,0,1,0,5
ปั้นทอง,กรุงเทพมหานคร,0,0,1,1,5
ปาน้อยนนท์,ประจวบคีรีขันธ์,0,0,1,1,5
อุประ,สกลนคร,0,0,1,1,5
ฝ้ายสีงาม,อุดรธานี,1,0,1,1,5
เลิศนุวัฒน์,กรุงเทพมหานคร,0,0,1,1,5
ตั้งศรีเกียรติกุล,บุรีรัมย์,0,0,1,0,5
พงษ์มณี,ลำพูน,0,0,1,1,5
ขำนุรักษ์,พัทลุง,0,0,1,1,5
พงษ์สมบัติ,ขอนแก่น,0,0,1,1,5
สุโกศล,นครราชสีมา,0,0,1,0,5
หงษ์วิไล,ปราจีนบุรี,1,0,1,0,5
แวอาแซ,นราธิวาส,0,0,1,0,5
สิงห์โตทอง,ชลบุรี,1,0,0,0,5
สาระนันท์,สกลนคร,0,0,1,1,5
ชัยนิคม,อุดรธานี,0,0,1,1,5
วันไชยธนวงศ์,แม่ฮ่องสอน,1,1,1,0,5
ชันแสง,กรุงเทพมหานคร,0,0,1,0,5
สังขทรัพย์,เลย,0,0,1,0,5
วิภัติภูมิประเทศ,กรุงเทพมหานคร,0,0,1,1,5
วิภูศิริ,กรุงเทพมหานคร,0,0,1,1,5
วิวัฒน์ธนาฒย์,พิษณุโลก,1,1,1,0,5
ศรัณย์เกตุ,อุตรดิตถ์,0,0,1,1,5
ดนัยตั้งตระกูล,ร้อยเอ็ด,0,0,1,0,5
ชนะวงศ์,ขอนแก่น,0,0,1,0,5
ศรีชนะ,ยโสธร,1,0,1,0,5
ชนะวงศ์,กรุงเทพมหานคร,0,0,1,0,5
กัลยาศิริ,สงขลา,1,0,1,0,5
ศิริไปล์,มหาสารคาม,1,0,1,0,5
ศรีลาภ,ยโสธร,1,0,1,0,5
ศรีสุรพล,ขอนแก่น,0,0,1,1,5
แสงเจริญรัตน์,เลย,1,0,1,0,5
จุลใส,ชุมพร,1,0,1,1,5
วงศ์ไตรรัตน์,นครราชสีมา,0,0,1,0,5
ชาญประดิษฐ์,ศรีสะเกษ,0,0,1,1,5
จีนาคำ,แม่ฮ่องสอน,0,0,1,1,5
วงศ์ศรีวงศ์,พะเยา,0,0,1,0,5
ศิริกุล,กาฬสินธุ์,0,0,1,1,5
มาตรศรี,สุพรรณบุรี,1,0,1,1,5
ณ ลำพูน,น่าน,0,0,1,0,5
ใจใหญ่,ประจวบคีรีขันธ์,0,0,1,0,5
เหลืองวิจิตร,พิจิตร,1,0,1,0,5
สุระบาล,ตรัง,0,0,1,0,5
ยี่สาร,เพชรบุรี,0,0,1,0,5
รอดรัศมี,สมุทรสงคราม,0,0,1,1,5
จิตสัมฤทธิ์,ศรีสะเกษ,1,0,1,1,5
ช่างเหลา,ขอนแก่น,1,0,0,1,5
รัฐผไท,เชียงใหม่,0,0,1,1,5
รัตโน,อุบลราชธานี,1,0,1,0,5
แอกทอง,สุรินทร์,0,0,1,1,5
สุจารี,ร้อยเอ็ด,1,0,1,1,5
ไชยณรุณ,พะเยา,0,0,1,1,5
สุขุม,กรุงเทพมหานคร,0,0,1,0,5
แก้วนาโพธิ์,ชุมพร,0,0,1,0,5
ไชยศิวามงคล,กาฬสินธุ์,0,0,1,1,5
แสนแก้ว,อุดรธานี,0,0,1,0,5
บุนนาค,กรุงเทพมหานคร,0,0,1,0,5
จุลพงศธร,นครสวรรค์,0,0,1,0,5
นิติกาญจนา,ราชบุรี,0,1,1,1,5
โต๊ะมีนา,ปัตตานี,0,0,1,1,5
เจริญประเสริฐ,ศรีสะเกษ,0,0,1,0,5
จันทรภักดี,เพชรบูรณ์,0,0,1,0,5
ทวีเกื้อกูลกิจ,ตาก,1,1,1,1,5
ธนาคมานุสรณ์,สิงห์บุรี,0,0,1,1,5
โตะตาหยง,นราธิวาส,0,0,1,0,5
ทองผา,มุกดาหาร,1,0,0,0,5
บุญ-หลง,สระบุรี,0,1,1,0,5
โตวิจักษณ์ชัยกุล,เชียงใหม่,0,0,1,0,5
ธนสงวนวงศ์,ชลบุรี,0,0,1,0,5
เชิดชัย,นครราชสีมา,0,0,1,1,5
บุญสุภา,สระบุรี,0,0,1,0,5
ทองประเสริฐ,อุบลราชธานี,1,0,1,0,5
เทียมประเสริฐ,อุบลราชธานี,0,0,1,0,5
เจาะจิตต์,นครศรีธรรมราช,0,0,1,0,5
นิธิวุฒิวรรักษ์,ชลบุรี,0,0,1,1,5
บุญเสรฐ,พิจิตร,0,0,1,0,5
เพชรสว่าง,บุรีรัมย์,0,0,1,0,5
โพธิวิหค,กรุงเทพมหานคร,0,0,1,0,5
บุญเรือง,กาฬสินธุ์,0,0,1,1,5
ชาลีเครือ,ชัยภูมิ,1,0,1,0,4
การุญ,สกลนคร,0,0,1,0,4
สามิตร,หนองบัวลำภู,0,0,1,0,4
ตยางคนนท์,สกลนคร,0,0,1,0,4
สีลาวงษ์,อุดรธานี,0,0,1,0,4
สาและ,ปัตตานี,0,0,1,1,4
กำลังเอก,เลย,0,0,1,0,4
เชื้อเมืองพาน,เชียงราย,0,0,1,1,4
ด่านกุล,นครราชสีมา,0,0,1,0,4
ชำนาญยา,พะเยา,0,0,1,0,4
โสภา,สงขลา,0,0,1,0,4
จันทร์สุวรรณ,สุพรรณบุรี,1,1,0,0,4
แก้วมีชัย,เชียงราย,0,0,1,0,4
วรรณศิริกุล,กรุงเทพมหานคร,0,0,1,0,4
บรรดาศักดิ์,นนทบุรี,0,0,1,0,4
พิมพ์ใจชน,ชลบุรี,0,0,1,0,4
เทพอักษรณรงค์,บุรีรัมย์,0,0,1,1,4
ยิ่งสมาน,ยะลา,0,0,1,0,4
แก้วศิริ,ชัยภูมิ,1,0,1,0,4
นพเกตุ,กรุงเทพมหานคร,0,0,1,0,4
แก้วหลวง,เชียงราย,0,0,1,0,4
ตันบรรจง,พะเยา,0,0,1,0,4
ภัคเกษม,เชียงใหม่,0,0,1,0,4
พาลุสุข,ยโสธร,0,0,1,0,4
วงษ์สุนทร,นครสวรรค์,0,0,1,0,4
วงษ์ไกร,ยโสธร,0,0,1,0,4
คันฉ่อง,ตรัง,0,0,1,0,4
โสภณ,ระยอง,1,0,0,1,4
อดิเทพวรพันธุ์,นครศรีธรรมราช,0,0,1,0,4
ไกรสิทธิพงศ์,พิษณุโลก,1,0,1,0,4
ชำนาญศิลป์,อุดรธานี,0,0,1,0,4
นาคพงศ์,กรุงเทพมหานคร,0,0,1,0,4
เพชรพนมพร,อุดรธานี,0,0,1,1,4
สุนทรวัฒน์,กรุงเทพมหานคร,0,0,1,0,4
โอสถานุเคราะห์,กาฬสินธุ์,0,0,1,1,4
รัศมิทัต,สมุทรปราการ,1,0,1,0,4
โพธิสาโร,ศรีสะเกษ,0,0,1,0,4
เฮงสวัสดิ์,บุรีรัมย์,0,0,1,0,4
ชุณหะวัณ,นครราชสีมา,0,0,1,0,4
รัตนเพียร,นครราชสีมา,0,0,1,0,4
สุนทรเลขา,นครสวรรค์,0,0,1,1,4
ใจแคล้ว,ปทุมธานี,1,0,1,0,4
กุลเจริญ,สมุทรปราการ,0,0,1,1,4
นิมมานเหมินท์,กรุงเทพมหานคร,0,0,1,0,4
ใสกระจ่าง,ศรีสะเกษ,0,0,1,0,4
รัชกิจประการ,สตูล,0,0,1,1,4
ช่างพินิจ,พิษณุโลก,0,0,1,1,4
นิกรเทศ,หนองคาย,0,0,1,0,4
ทองสวัสดิ์,ลำปาง,0,0,1,0,4
มาฉิม,พิษณุโลก,0,0,1,0,4
เตชะตานนท์,ขอนแก่น,0,0,1,0,4
สุนทรชัย,หนองคาย,0,0,1,0,4
ดำรงรัตน์,กรุงเทพมหานคร,0,0,1,0,4
นาครทรรพ,กรุงเทพมหานคร,0,0,1,1,4
ภูมิเหล่าแจ้ง,กาฬสินธุ์,0,0,1,0,4
สัจจกุล,กรุงเทพมหานคร,0,0,1,0,4
หวังศุภกิจโกศล,นครราชสีมา,0,1,1,1,4
สุดลาภา,ลพบุรี,0,0,1,0,4
ฤกษ์จรัล,กรุงเทพมหานคร,0,0,1,0,4
แกล้วกล้าหาญ,ขอนแก่น,0,0,1,0,4
โอสถานุเคราะห์,กรุงเทพมหานคร,0,0,1,0,4
สุไลมาน,สุรินทร์,0,0,1,1,4
มนิสสาร,อุดรธานี,0,0,1,0,4
สุทธศรี,กาฬสินธุ์,0,0,1,0,4
หมีเทศ,สุโขทัย,1,0,1,0,4
นามบุตร,อำนาจเจริญ,0,0,1,0,4
รามสูต,น่าน,0,0,1,1,4
หงษ์ทอง,พระนครศรีอยุธยา,0,0,1,0,4
ราชสีห์,สงขลา,0,0,1,0,4
บริพัตร,กรุงเทพมหานคร,0,0,1,0,4
เมนะสวัสดิ์,อุดรธานี,1,0,1,1,4
อินฉัตร,ศรีสะเกษ,0,0,1,0,4
เจริญศิริ,มหาสารคาม,0,0,1,0,4
วิษณุวงศ์,กาญจนบุรี,0,0,1,1,4
พงศ์ถาวราเดช,ประจวบคีรีขันธ์,0,0,1,1,4
บุญชัยสุข,นครราชสีมา,0,0,1,0,4
วิสิษฐยุทธศาสตร์,อ่างทอง,0,0,1,0,4
อุทัยเวียนกุล,ตรัง,0,0,1,0,4
วีรวรรณ,ขอนแก่น,0,0,1,0,4
อุฬารกุล,สกลนคร,0,0,1,0,4
ชมภูแดง,ร้อยเอ็ด,0,0,1,0,4
ปานแย้ม,ปทุมธานี,0,0,1,0,4
อุไรรัตน์,กรุงเทพมหานคร,0,0,1,0,4
ติณรัตน์,มหาสารคาม,0,0,1,1,4
ธนิกุล,สมุทรสงคราม,0,0,1,0,4
กาญจนรัตน์,พิษณุโลก,0,0,1,0,4
ศรีนนท์,นนทบุรี,0,0,1,0,4
สถิรชวาล,เพชรบุรี,0,0,1,1,4
ศรีปัญญา,ขอนแก่น,0,0,1,0,4
ทรัพย์รวงทอง,ชัยนาท,0,0,1,0,4
ศุภศิริ,แพร่,1,0,0,0,4
เจริญชัยฤทธิ์,นครสวรรค์,1,0,1,0,4
ทีปสุวรรณ,กรุงเทพมหานคร,0,0,1,1,4
ฉันทวานิช,กรุงเทพมหานคร,0,0,1,0,4
ประชามอญ,เชียงราย,0,0,1,0,4
ศรีสังข์,มหาสารคาม,0,0,1,0,4
เกียรติวินัยสกุล,ลพบุรี,0,0,1,0,4
ฉัตรชัยพลรัตน์,ขอนแก่น,1,0,1,0,4
บุญเฉลียว,ศรีสะเกษ,0,0,1,0,4
บุญเชียง,พะเยา,0,0,1,0,4
เกี่ยวข้อง,กระบี่,0,0,1,1,4
เมืองสุข,ปราจีนบุรี,0,0,1,0,4
จรัสเสถียร,มหาสารคาม,0,0,1,1,4
พัฒน์ดำรงจิตร,ขอนแก่น,0,0,1,0,4
พรมพันห่าว,หนองคาย,0,0,1,0,4
ชวาลสันตติ,เพชรบูรณ์,0,0,1,0,4
พรหมภักดี,สกลนคร,0,0,1,0,4
ทองธิราช,สกลนคร,0,0,1,0,4
สังข์พุ่ม,สุรินทร์,0,0,1,1,4
บัวบุตร,อำนาจเจริญ,0,0,1,1,4
ธารณา,กรุงเทพมหานคร,0,0,1,0,4
คำสิงห์นอก,นครราชสีมา,0,0,1,0,4
เจียมวิจักษณ์,เชียงราย,0,0,1,0,4
ธาราภูมิ,ลพบุรี,0,0,1,0,4
วิจารณ์ปรีชา,สิงห์บุรี,1,0,1,0,4
วิริยะชัย,นนทบุรี,0,0,1,0,4
บัวสุวรรณ,เพชรบูรณ์,0,0,1,0,4
ตั้งวานิชกพงษ์,ขอนแก่น,1,1,0,0,4
เชาวน์ประยูร,เชียงใหม่,1,0,1,0,4
ศรีอ่อน,จันทบุรี,0,0,1,1,3
ศรีแสงนาม,กรุงเทพมหานคร,0,0,1,0,3
ศิริโกมุท,มหาสารคาม,0,0,1,0,3
ราชป้องขันธ์,บึงกาฬ,0,0,1,1,3
จึงเลิศศิริ,กรุงเทพมหานคร,0,0,1,0,3
ศรีเมือง,กรุงเทพมหานคร,0,0,1,0,3
ศุภมงคล,กรุงเทพมหานคร,0,0,1,0,3
จันทรเจริญ,มหาสารคาม,0,0,1,0,3
วาจาดี,อุบลราชธานี,0,0,0,1,3
รังคสิริ,แพร่,0,0,1,0,3
ไทยประสิทธิ์,กำแพงเพชร,0,0,1,0,3
ศิริขันธ์,อำนาจเจริญ,0,0,1,0,3
สุพรรณฝ่าย,ขอนแก่น,0,0,1,0,3
สุธากุล,สตูล,0,0,1,0,3
เบ้าจรรยา,ขอนแก่น,0,0,1,0,3
ศรีสวาสดิ์,ร้อยเอ็ด,0,0,1,0,3
เต็มเจริญ,กรุงเทพมหานคร,0,0,1,0,3
รัศมีฤกษ์เศรษฐ์,กาญจนบุรี,1,0,1,1,3
วรเชษฐ์,ร้อยเอ็ด,0,0,1,0,3
ชุมดวง,สุโขทัย,0,0,1,0,3
เนื่องจำนงค์,ชลบุรี,0,0,1,1,3
จ่าแก้ว,สุราษฎร์ธานี,1,1,0,0,3
ศรีสุริยันโยธิน,บุรีรัมย์,0,0,1,0,3
ศรีบุศกร,พิจิตร,1,0,0,1,3
วัฒนพงศ์ศิริ,บุรีรัมย์,0,0,1,0,3
กุลศักดิ์วิมล,นครพนม,0,0,1,0,3
สุนทรสีมะ,กรุงเทพมหานคร,0,0,1,0,3
วัฒนาประสิทธิ์,ราชบุรี,0,0,1,0,3
สังข์โต,นนทบุรี,0,0,1,0,3
เบญอิบรอฮีม,ปัตตานี,0,0,1,0,3
รัตตกุล,กรุงเทพมหานคร,0,0,1,0,3
สิริยะเสถียร,นครปฐม,0,0,1,0,3
กาสมสัน,ตาก,0,0,1,0,3
รุ่งวิจิตรชัย,สระบุรี,0,0,1,1,3
สรสุชาติ,กรุงเทพมหานคร,0,0,1,0,3
สมมี,ลำปาง,1,0,0,0,3
วิภัติภูมิประเทศ,ชลบุรี,0,0,1,0,3
สุขวัฒน์,สมุทรปราการ,0,0,1,0,3
ธรรมสาร,ปทุมธานี,0,0,1,1,3
สืบสายพรหม,ศรีสะเกษ,0,0,1,0,3
สมะลาภา,กรุงเทพมหานคร,0,0,1,0,3
สมใจ,ปราจีนบุรี,0,0,1,0,3
เทพวงศ์ศิริรัตน์,สุรินทร์,1,0,1,0,3
กาญจนชูศักดิ์,กรุงเทพมหานคร,0,0,1,0,3
แถวโสภา,นครราชสีมา,0,0,1,0,3
สหชัยรุ่งเรือง,ชลบุรี,0,0,1,0,3
นันทปัญญา,สระบุรี,1,0,0,0,3
นวลเปียน,พัทลุง,0,0,1,0,3
วิวรรธนดิฐกุล,แพร่,0,0,1,1,3
สิมะโรจน์,กรุงเทพมหานคร,0,0,1,0,3
เทียมสุวรรณ,อุบลราชธานี,0,0,1,0,3
ลีธีระประเสริฐ,ศรีสะเกษ,0,0,1,0,3
ลิ้มสกุลศิริรัตน์,สมุทรปราการ,0,0,1,0,3
วุฒินันชัย,เชียงใหม่,0,0,1,1,3
ไชยรบ,สกลนคร,1,1,0,0,3
จุดโต,บุรีรัมย์,0,0,1,0,3
รุ่งโรจน์,ชลบุรี,0,0,1,0,3
จันทร์สมบูรณ์,กาญจนบุรี,0,0,1,0,3
กุลนาถศิริ,สุโขทัย,1,0,1,1,3
ฤทธาคนี,ปทุมธานี,0,0,1,0,3
แสงประทุม,นครศรีธรรมราช,0,0,1,0,3
แสงประทุม,กรุงเทพมหานคร,0,0,1,0,3
แสนวิเศษ,มุกดาหาร,0,0,1,0,3
สินสุวงศ์,กรุงเทพมหานคร,0,0,1,0,3
จิรกิติ,กรุงเทพมหานคร,0,0,1,0,3
นาคะบุตร,เพชรบูรณ์,0,0,1,0,3
เป้าเปี่ยมทรัพย์,ฉะเชิงเทรา,1,1,0,1,3
ลายน้ำเงิน,ลพบุรี,0,0,1,0,3
ไกรเดชา,พระนครศรีอยุธยา,0,0,0,1,3
สันติเมทนีดล,ขอนแก่น,0,0,1,0,3
ชมกลิ่น,ชลบุรี,0,0,1,1,3
มโนหรทัต,กรุงเทพมหานคร,0,0,1,0,3
เอกอุรุ,สงขลา,0,0,1,0,3
ทิมาตฤกะ,บุรีรัมย์,0,0,1,1,3
พุทธปวน,ลำพูน,0,0,1,0,3
ปั้นเกตุ,สิงห์บุรี,0,0,1,0,3
ปัทมะ,นครราชสีมา,0,0,1,1,3
อูมา,นราธิวาส,0,0,1,0,3
โตมรศักดิ์,นครราชสีมา,0,0,1,1,3
โลหะโชติ,น่าน,0,0,1,0,3
พลไวย์,พิษณุโลก,0,0,1,0,3
แสนภูมิ,สุรินทร์,0,0,1,0,3
อามระดิษ,สุรินทร์,0,0,1,0,3
อารีรอบ,ภูเก็ต,0,1,1,0,3
เชื้อคง,อุบลราชธานี,0,0,1,1,3
เดชกิจวิกรม,พิษณุโลก,0,0,1,0,3
หิรัญบูรณะ,สระแก้ว,0,0,1,0,3
โลหะวณิชย์,ชัยภูมิ,0,0,1,1,3
หิรัญบูรณะ,ปราจีนบุรี,0,0,1,0,3
จำนง,สงขลา,0,0,1,1,3
ภูจริต,กาฬสินธุ์,0,0,1,0,3
จรูญเนตร,อุบลราชธานี,0,0,1,0,3
เดชเดโช,นครศรีธรรมราช,0,1,0,1,3
ภูยุทธานนท์,ปัตตานี,0,0,1,0,3
ปางวิรุฬห์รักษ์,ชุมพร,0,0,1,0,3
ตันสุหัช,เชียงใหม่,0,0,1,0,3
เจริญพันธ์,สุรินทร์,1,0,1,0,3
เชาว์ศิริกุล,มุกดาหาร,0,0,1,0,3
ปิยนามวาณิช,พังงา,1,0,0,0,3
คุนผลิน,กรุงเทพมหานคร,0,0,1,0,3
พันธุ์ศรีนคร,นครราชสีมา,1,0,1,0,3
พัฒนกุลเลิศ,นราธิวาส,0,0,1,0,3
อัตถาวงศ์,นครราชสีมา,0,0,1,0,3
อัตถากร,กรุงเทพมหานคร,0,0,1,0,3
ผลอำนวย,กำแพงเพชร,0,0,1,1,3
ตันติวณิชชานนท์,อุบลราชธานี,0,0,1,0,3
เวชกามา,สกลนคร,0,0,1,1,3
ควรหา,สุรินทร์,0,0,1,0,3
ตั้งเบญจผล,สุโขทัย,0,0,1,0,3
ผาลีพัฒน์,อุบลราชธานี,0,0,1,1,3
ตันประเสริฐ,นครสวรรค์,0,0,1,0,3
ตรีสุขี,พระนครศรีอยุธยา,0,0,1,0,3
พิพิธภักดี,ปัตตานี,0,0,1,0,3
พิมพ์พิสิฐถาวร,กาญจนบุรี,0,0,1,0,3
ตันศิริ,กรุงเทพมหานคร,0,0,1,0,3
พิมานเมฆินทร์,อุดรธานี,0,0,1,0,3
พิริยะกิจไพบูลย์,อุบลราชธานี,0,0,1,0,3
พิลาสมบัติ,นครราชสีมา,0,0,1,0,3
โหสกุล,กรุงเทพมหานคร,0,0,1,1,3
เจริญช่าง,กรุงเทพมหานคร,0,0,1,0,3
ภู่จีนาพันธุ์,เชียงใหม่,0,0,1,0,3
มงคลกิตติ,กรุงเทพมหานคร,0,0,1,0,3
อินทร์สุข,พิจิตร,0,0,0,1,3
อิศรภักดี,กรุงเทพมหานคร,0,0,1,1,3
บูลย์ประมุข,ตาก,1,0,0,1,3
บุษราคัม,อุดรธานี,0,0,1,0,3
ณ กาฬสินธุ์,กาฬสินธุ์,0,0,1,0,3
โภคสวัสดิ์,มุกดาหาร,0,0,1,0,3
พงศ์เรืองรอง,กรุงเทพมหานคร,0,0,1,0,3
เหลืองทองนารา,พิษณุโลก,0,0,1,1,3
ม่าเหร็ม,สตูล,0,0,1,0,3
ยนต์ตระกูล,มหาสารคาม,0,0,1,0,3
ยนต์ตระกูล,ร้อยเอ็ด,1,0,1,0,3
ทองสมบูรณ์,มหาสารคาม,0,0,1,0,3
เก็บทรัพย์,ภูเก็ต,0,0,1,0,3
เจตนจันทร์,ระยอง,0,0,1,1,3
ยศสุข,เชียงใหม่,0,0,1,0,3
อึ้งอภินันท์,เชียงราย,0,0,1,0,3
สุรพล,ขอนแก่น,0,0,1,0,3
เพียยุระ,ขอนแก่น,0,0,1,0,3
คุณะเกษม,กรุงเทพมหานคร,0,0,1,0,3
ประจวบเหมาะ,กรุงเทพมหานคร,0,0,1,0,3
ณ วังขนาย,นครราชสีมา,0,0,1,1,3
เลียงประสิทธิ์,สตูล,1,1,0,1,3
พรหมเผ่า,พะเยา,0,1,0,1,3
เรืองกาญจนเศรษฐ์,อุบลราชธานี,0,0,1,0,3
คูสกุล,นครพนม,0,0,1,0,3
มงคลวิรกุล,กาฬสินธุ์,0,0,1,0,3
มงคลศิริ,อุทัยธานี,0,0,1,0,3
โอบอ้อม,นครสวรรค์,0,0,1,0,3
ดิศกุล,กรุงเทพมหานคร,0,0,1,0,3
เดชเสน,ยโสธร,0,0,1,0,3
เชาวรัตน์,มหาสารคาม,1,0,1,0,3
เกษมทองศรี,ราชบุรี,0,0,1,0,3
เด็งระกีนา,ยะลา,0,0,1,0,3
ถนอมพงษ์พันธุ์,กรุงเทพมหานคร,0,0,1,0,3
มะลิผล,ฉะเชิงเทรา,1,0,1,0,3
ประทีป ณ ถลาง,ภูเก็ต,1,0,0,1,3
พร้อมพันธุ์,กรุงเทพมหานคร,0,0,1,0,3
อุดรพิมพ์,มหาสารคาม,1,1,0,0,3
โง่นคำ,กาฬสินธุ์,0,0,1,0,3
เล็กอุดากร,บุรีรัมย์,1,1,0,0,3
สว่างกุล,แม่ฮ่องสอน,0,0,1,0,2
อุชชิน,พิษณุโลก,0,0,1,0,2
เจริญศรี,นครพนม,0,0,1,1,2
สมหมาย,ศรีสะเกษ,0,0,1,0,2
เจริญดี,หนองคาย,0,0,1,0,2
อุสิทธิ์,ชุมพร,1,1,0,0,2
เจนกิจณรงค์,นครปฐม,0,0,1,0,2
เงินยวง,กรุงเทพมหานคร,0,0,1,0,2
ศิรินวกุล,กาฬสินธุ์,0,0,1,0,2
เบ็ญจลักษณ์,ปัตตานี,0,0,1,1,2
เย็นประเสริฐ,นนทบุรี,1,1,0,0,2
เริงประเสริฐวิทย์,อุทัยธานี,0,0,1,0,2
แสงสุริยจันทร์,กรุงเทพมหานคร,0,0,1,0,2
เจตาภิวัฒน์,นราธิวาส,0,0,1,0,2
เกียรติชูศักดิ์,นครสวรรค์,0,0,1,1,2
ไพรวัลย์,แม่ฮ่องสอน,0,0,1,0,2
แสงศิริ,นครสวรรค์,0,0,1,0,2
ศิริเนาวกุล,ราชบุรี,0,0,1,0,2
ไทยมงคล,อุบลราชธานี,0,0,1,0,2
แสงทอง,ศรีสะเกษ,0,0,1,0,2
แสงวิจิตร,เพชรบูรณ์,0,0,1,0,2
เนตรโพธิ์แก้ว,นครปฐม,0,0,1,0,2
เกตุวัตถา,ชลบุรี,0,0,1,0,2
เกตะวันดี,เลย,0,0,1,0,2
เร่งไพบูลย์วงษ์,ชัยภูมิ,1,0,1,0,2
เบ็ญจศิริวรรณ,กรุงเทพมหานคร,0,0,1,0,2
อุ๋ยตระกูล,เพชรบุรี,0,0,0,1,2
สมณะ,กรุงเทพมหานคร,0,0,1,0,2
เจริญนนทสิทธิ์,นนทบุรี,0,0,1,1,2
อุเซ็ง,ยะลา,0,0,1,0,2
สมบูรณ์เทอดธนา,สุรินทร์,0,0,1,0,2
อึ๊งภากรณ์,กรุงเทพมหานคร,0,0,1,0,2
อัถโถปกรณ์,ตรัง,0,0,1,0,2
ไตรวุฒิ,ตราด,0,0,1,0,2
โพธารากุล,กาญจนบุรี,0,0,1,0,2
โหตระไวศยะ,อุบลราชธานี,0,0,1,0,2
สุจิตต์,สุพรรณบุรี,0,0,1,1,2
เสียมภักดี,เชียงใหม่,0,0,1,0,2
โกฎคำลือ,เชียงใหม่,0,0,1,1,2
แก้วก่า,สกลนคร,0,0,1,0,2
สุทธิวารี,ตราด,1,0,1,0,2
หมู่ดี,ปทุมธานี,0,0,1,0,2
สุทินเผือก,สมุทรปราการ,0,0,1,1,2
เสือสมิง,สมุทรสงคราม,1,1,0,0,2
สุ่นศิริ,กรุงเทพมหานคร,0,0,1,0,2
เด่นนภาลัย,สมุทรปราการ,0,0,1,0,2
เหลืองขจรวิทย์,ลพบุรี,0,0,1,1,2
สุวรรณเพ็ญ,ตาก,0,0,1,0,2
สุวรรณภักดี,กรุงเทพมหานคร,0,0,1,0,2
สุวรรณพรหม,หนองบัวลำภู,0,0,1,0,2
สุวรรณบุตร,สมุทรปราการ,0,0,0,1,2
เฮงยศมาก,บุรีรัมย์,0,0,1,0,2
โพธิ์งาม,กาญจนบุรี,0,0,1,0,2
โอสถานุเคราะห์,ขอนแก่น,0,0,1,0,2
ใจดี,ศรีสะเกษ,0,0,1,0,2
โกวิทศิริกุล,หนองคาย,0,0,1,0,2
โกษะโยธิน,กรุงเทพมหานคร,0,0,1,0,2
สุริยาทิพย์,ชลบุรี,0,0,1,0,2
โพธิ์คำ,นครราชสีมา,0,0,1,0,2
เพชรทอง,กรุงเทพมหานคร,0,0,1,0,2
สุภธีระ,ขอนแก่น,0,0,1,0,2
สุภาศรี,เชียงใหม่,0,0,1,0,2
เปี่ยมคล้า,นครปฐม,0,0,1,0,2
สุขสวัสดิ์,อุตรดิตถ์,0,0,1,0,2
โสมกลาง,นครราชสีมา,0,0,1,0,2
สำเร็จวาณิชย์,กรุงเทพมหานคร,0,0,1,1,2
อิสระเสรีพงษ์,กรุงเทพมหานคร,0,0,1,0,2
แจ่มใส,นครสวรรค์,0,0,1,0,2
เจ๊ะโมง,ปัตตานี,0,0,1,0,2
อำนาคะ,สระบุรี,0,0,0,1,2
สัพโส,สกลนคร,0,0,1,1,2
สายเทพ,ลำปาง,0,0,1,0,2
สารอเอง,ปัตตานี,1,0,0,0,2
เทียนถาวร,สิงห์บุรี,1,1,0,0,2
อัศวชัยโสภณ,ฉะเชิงเทรา,0,0,1,0,2
สาราคำ,อุดรธานี,0,0,0,1,2
อัลยุฟรี,ปัตตานี,1,1,0,0,2
โฆษิตจิรนันท์,ร้อยเอ็ด,0,0,1,0,2
สิทธิวัง,ลำปาง,0,0,0,1,2
สุขศรีเมือง,นครศรีธรรมราช,0,0,0,1,2
เศวตเศรนี,น่าน,0,0,1,0,2
อักษรเสือ,ขอนแก่น,0,0,1,0,2
อรรถปรียางกูร,เชียงใหม่,0,0,1,0,2
เสงี่ยมกุล,ภูเก็ต,0,0,1,0,2
อยู่ประเสริฐ,อุดรธานี,1,0,1,0,2
อนุวัฒน์,ชลบุรี,0,0,1,1,2
อนันตกูล,ชลบุรี,0,0,1,0,2
สุขถิ่นไทย,กรุงเทพมหานคร,0,0,1,0,2
เซ่งไพเราะ,กรุงเทพมหานคร,0,0,1,0,2
สุขรัตน์,สกลนคร,0,0,1,0,2
โสภิตชา,อุบลราชธานี,0,0,1,0,2
ห่วงทรัพย์,กรุงเทพมหานคร,0,0,1,1,2
หุตังคบดี,กรุงเทพมหานคร,0,0,1,0,2
ฤทธิ์ฤๅชัย,สกลนคร,0,0,1,0,2
จินดาพล,ภูเก็ต,0,0,1,0,2
ฉัตรพัฒนศิริ,นครราชสีมา,0,0,1,0,2
ประทุมลี,มุกดาหาร,0,0,1,1,2
รัตนวิจารณ์,สกลนคร,0,0,1,0,2
ชนะวัฒน์ปัญญา,จันทบุรี,0,0,1,0,2
รอดโพธิ์ทอง,กรุงเทพมหานคร,0,0,1,0,2
ชนะสิทธิ์,จันทบุรี,0,0,0,0,2
ชมภูเทพ,ลำพูน,0,0,1,0,2
ยุติธรรม,นครศรีธรรมราช,0,0,0,1,2
ชวนบุญ,สมุทรสาคร,0,0,1,0,2
ยั่งยืน,สมุทรปราการ,0,0,1,0,2
ยะสินธุ์,แม่ฮ่องสอน,0,0,1,0,2
ยมจินดา,ระยอง,0,0,1,0,2
ปรีชาชนะชัย,สุรินทร์,0,0,1,1,2
ยมจินดา,กรุงเทพมหานคร,0,0,1,0,2
มุตตามระ,เชียงราย,0,0,1,0,2
ชวลิตนิติธรรม,ชลบุรี,0,0,1,0,2
ชัยกิจเด่นนภาลัย,สมุทรปราการ,0,0,1,0,2
ทรัพย์เจริญ,ตราด,1,1,0,0,2
ฉัตรมาลีรัตน์,ระนอง,1,0,0,1,2
ฉัตรจินดารัตน์,นครสวรรค์,0,0,1,0,2
จันทร์อารักษ์,ยโสธร,0,0,1,0,2
ประดิษฐพร,สุราษฎร์ธานี,0,0,0,1,2
วงศ์ไชย,เชียงใหม่,0,0,1,0,2
วงศ์อารยะ,กรุงเทพมหานคร,0,0,1,0,2
วงศ์ปลั่ง,ศรีสะเกษ,0,0,1,0,2
วงศ์กวี,ลพบุรี,0,0,1,0,2
ฦาชา,ชัยภูมิ,0,0,1,0,2
ล้ำสุทธิ,ระยอง,0,0,1,0,2
ลิ้มอรุณรักษ์,ประจวบคีรีขันธ์,1,1,0,0,2
บุตรดีวงค์,มุกดาหาร,0,0,1,0,2
ลิ่วเฉลิมวงศ์,กรุงเทพมหานคร,0,0,1,0,2
จิตสุทธิภากร,นครสวรรค์,0,0,1,0,2
ตั้งปณิธานนท์,มุกดาหาร,0,0,1,1,2
บุรณศิริ,พะเยา,1,0,1,0,2
รุ่งแสง,กรุงเทพมหานคร,0,0,1,0,2
บูรพชัยศรี,กรุงเทพมหานคร,0,0,1,0,2
รุ่งเป้า,นครราชสีมา,0,0,1,0,2
จีนะวิจารณะ,กรุงเทพมหานคร,0,0,1,0,2
ประดับศรี,ยโสธร,0,0,1,0,2
ปัญญาสกุลวงศ์,กรุงเทพมหานคร,0,0,1,0,2
ชัยสดมภ์,สมุทรปราการ,0,0,1,0,2
มั่นหมาย,สุรินทร์,0,0,1,0,2
มังคลรังษี,ราชบุรี,0,0,1,0,2
ซื่อทรงธรรม,แพร่,1,0,0,1,2
ภมรมนตรี,กรุงเทพมหานคร,0,0,1,0,2
ฐาปนะกุล,นครราชสีมา,0,0,1,0,2
พุทธปวน,เชียงใหม่,0,0,1,0,2
พุกประเสริฐ,สุโขทัย,0,1,1,0,2
พรพิพัฒน์พงศ์,กรุงเทพมหานคร,0,0,1,0,2
ติธรรม,บึงกาฬ,0,0,1,1,2
พิบูลย์วัฒนวงษ์,หนองบัวลำภู,0,0,1,0,2
ดีบุญมี ณ ชุมแพ,ขอนแก่น,0,0,1,0,2
พากเพียรศิลป์,ปราจีนบุรี,0,0,1,0,2
ดูดิง,ยะลา,0,0,1,0,2
พันธ์สายเชื้อ,ยโสธร,0,0,1,1,2
พันธุ์ศิลา,ร้อยเอ็ด,0,0,1,0,2
พรหมา,อุดรธานี,0,0,1,0,2
ตั้งเจริญถาวร,นนทบุรี,0,0,1,1,2
พลโคตร,มหาสารคาม,0,0,1,0,2
พลเสน,อุทัยธานี,0,0,1,0,2
ถาวงศ์,น่าน,1,1,0,0,2
ผ่องแผ้ว,สงขลา,0,0,1,0,2
ภิญญสาสน์,จันทบุรี,0,0,1,0,2
มะยูโซ๊ะ,นราธิวาส,0,0,0,1,2
ชัยโกศล,พระนครศรีอยุธยา,0,0,1,0,2
ชาติวัฒนศิริ,บุรีรัมย์,0,0,1,0,2
ปัทมะ,กรุงเทพมหานคร,0,0,1,0,2
ชาลีรินทร์,ชัยภูมิ,0,0,1,1,2
มะหะมัดยังกี,สตูล,0,0,1,0,2
มะลูลีม,กรุงเทพมหานคร,0,0,1,0,2
ปานลักษณ์,ลำพูน,0,0,1,0,2
มหาสุวีระชัย,ศรีสะเกษ,0,0,1,0,2
ภิญโญ,นครราชสีมา,0,0,1,1,2
ปานอุดมลักษณ์,นครสวรรค์,0,0,1,0,2
มหาจันทร์,ชัยภูมิ,0,0,1,0,2
ปาลาเร่,สงขลา,0,0,1,1,2
ชีรวินิจ,กรุงเทพมหานคร,0,0,1,0,2
ปิยะโชติ,กาญจนบุรี,0,1,1,0,2
ภูนิคม,เชียงราย,0,0,1,0,2
ชุมสาย ณ อยุธยา,กรุงเทพมหานคร,0,0,1,0,2
จันทร์แสงศรี,เพชรบูรณ์,0,0,1,0,2
ตั้งตระกูลไท,เพชรบูรณ์,0,0,1,0,2
ทิวารี,กรุงเทพมหานคร,0,0,1,0,2
นาคดี,บุรีรัมย์,0,0,1,0,2
ศรีตรัย,ขอนแก่น,1,0,1,0,2
กีฬา,อำนาจเจริญ,0,0,1,0,2
กุมภะ,ระยอง,0,0,1,0,2
นุอุปละ,อุดรธานี,0,0,1,0,2
วุฒิศิริ,กาญจนบุรี,0,0,1,0,2
นรการกุมพล,ราชบุรี,1,0,0,0,2
น้อยวงศ์,พิษณุโลก,0,0,0,1,2
วีระยุทธวัฒนะ,อุทัยธานี,0,0,1,0,2
จันทรวงศ์,อุบลราชธานี,0,0,1,0,2
วีรกุลสุนทร,กรุงเทพมหานคร,0,0,1,0,2
กู้สุจริต,ตรัง,0,0,1,0,2
วิเศษจินดาวัฒน์,นครราชสีมา,0,0,1,0,2
ก๊กผล,สมุทรสาคร,0,0,1,0,2
ขวัญเมือง,สุราษฎร์ธานี,0,0,1,0,2
ขาวขำ,หนองบัวลำภู,0,0,1,0,2
ขาวทอง,สงขลา,0,0,0,1,2
บัวหลวงงาม,ลพบุรี,0,0,1,1,2
ศรีถาพร,สกลนคร,0,0,1,0,2
กิ่งคำวงศ์,มุกดาหาร,0,0,1,0,2
คงอุดม,กรุงเทพมหานคร,0,0,1,1,2
ศรีผึ้ง,นครสวรรค์,1,0,0,1,2
ศรีแปงวงค์,กำแพงเพชร,0,0,1,0,2
นิจพานิชย์,ยโสธร,0,0,1,0,2
กรีฑาเวช,นครราชสีมา,0,0,1,0,2
นิยมไทย,เชียงใหม่,0,0,1,0,2
ศรีหล้า,อุบลราชธานี,0,0,1,0,2
ศรีวิราช,พะเยา,0,0,0,1,2
ศรีวิกรม์,กรุงเทพมหานคร,0,0,1,0,2
นิลถนอม,สมุทรสาคร,0,0,1,0,2
กัลยาวินัย,กรุงเทพมหานคร,0,0,1,0,2
กาญจนสินิทธ์,ขอนแก่น,0,0,1,0,2
การวัฒนาศิริกุล,ลำพูน,0,0,1,0,2
กิจกาญจน์,จันทบุรี,1,1,0,0,2
กิตติธรกุล,กระบี่,1,1,0,0,2
นิ่มกุล,อ่างทอง,1,1,0,0,2
นุชิต,หนองบัวลำภู,0,0,1,0,2
กิมสูนจันทร์,กรุงเทพมหานคร,0,0,1,0,2
ศรีพรหม,นครราชสีมา,0,0,1,0,2
คงวุฒิปัญญา,กรุงเทพมหานคร,0,0,1,1,2
บริสุทธิญาณี,ระนอง,1,1,0,0,2
วังกานนท์,ลพบุรี,0,0,1,0,2
คนขยัน,หนองคาย,0,0,1,0,2
วานิชชัง,อุดรธานี,0,0,1,0,2
คำวงษา,พะเยา,0,0,1,0,2
วรพัฒนานันน์,เชียงราย,1,0,1,0,2
คีรีมาศทอง,สุโขทัย,0,0,0,1,2
วรคามิน,อุดรธานี,0,0,1,0,2
คำพิไสย์,หนองคาย,0,0,1,0,2
บุญศิริวัฒนกุล,ชัยภูมิ,0,0,1,1,2
คะสุวรรณ,บุรีรัมย์,0,0,1,0,2
คล้ายนก,กรุงเทพมหานคร,0,0,1,0,2
คุ้มชนะ,ชัยนาท,0,0,1,0,2
วรามิตร,กาฬสินธุ์,0,1,1,0,2
วิกิตเศรษฐ์,กรุงเทพมหานคร,0,0,1,1,2
งามกมล,บุรีรัมย์,1,0,0,1,2
ธรรมวัฒนะ,กรุงเทพมหานคร,0,0,1,0,2
ธนาดิเรก,กรุงเทพมหานคร,0,0,1,0,2
จรัสรพีพงษ์,สุรินทร์,0,0,0,1,2
วิริยะพงษ์,สุโขทัย,0,0,1,0,2
บาลไธสง,หนองคาย,0,0,1,0,2
เรืองวรบูรณ์,นครพนม,0,0,1,0,1
เรืองสวัสดิ์,ฉะเชิงเทรา,0,0,0,1,1
ติธรรม,หนองคาย,0,0,1,0,1
ทองศิริ,กรุงเทพมหานคร,0,0,0,1,1
ธนะรังสฤษฏ์,พะเยา,0,0,1,0,1
ทัตติยกุล,ฉะเชิงเทรา,0,0,1,0,1
เรืองปัญญาวุฒิ,กรุงเทพมหานคร,0,0,0,1,1
นาคพันธ์,อำนาจเจริญ,0,0,0,0,1
ต๊ะอาจ,เพชรบูรณ์,0,0,0,0,1
เนาวเกตุ,สตูล,0,0,1,0,1
ทัศนเศรษฐ,สุรินทร์,0,0,1,0,1
ตาคีย์,ชลบุรี,0,0,0,1,1
เบ็ญจะปัก,สมุทรสาคร,0,0,0,1,1
ตั๊นสวัสดิ์,ชลบุรี,0,0,1,0,1
ถนอมสินธุ์,กรุงเทพมหานคร,0,0,0,1,1
เนียะแก้ว,นครปฐม,1,0,0,0,1
นาวาพานิช,มุกดาหาร,0,0,1,0,1
ทิวะพันธุ์,พิษณุโลก,0,0,1,0,1
ตั้งสุทธิธรรม,เชียงใหม่,0,0,0,1,1
ตั้งสกุล,อำนาจเจริญ,0,1,0,0,1
เลิศพงศ์อดิศร,เชียงใหม่,0,1,0,0,1
เลิศพชรกมล,นครราชสีมา,0,0,0,1,1
ตั้งประกอบ,ชลบุรี,0,0,1,0,1
ทิวไผ่งาม,กรุงเทพมหานคร,0,0,1,0,1
เนื่องชมภู,บึงกาฬ,0,0,0,0,1
ทะไกรราช,ร้อยเอ็ด,0,0,1,0,1
ถิ่นสาคู,ภูเก็ต,0,0,0,1,1
ทองเจิม,พังงา,0,1,0,0,1
เทพหัสดิน ณ อยุธยา,ปทุมธานี,0,0,1,0,1
เทียนสุวรรณ,สมุทรปราการ,0,0,0,1,1
ธารดำรงค์,สมุทรปราการ,0,0,1,0,1
ทองบุราณ,ยโสธร,0,0,1,0,1
ธีรประเทืองกุล,น่าน,0,0,1,0,1
เทียมประเสริฐ,สระบุรี,0,0,1,0,1
ธีระสัตยกุล,ราชบุรี,1,0,0,0,1
ทรัพย์ประเสริฐ,นครนายก,0,0,0,0,1
ทองสุวรรณ์,ฉะเชิงเทรา,0,0,0,1,1
ธูปกระจ่าง,ปทุมธานี,0,1,0,0,1
เพชรขุ้ม,สุราษฎร์ธานี,1,0,0,0,1
เทอดวีระพงศ์,พัทลุง,0,0,0,1,1
เพียรพิเศษ,เชียงราย,0,0,0,1,1
ธัญญสกุลกิจ,สุรินทร์,0,0,1,0,1
ถาคำฟู,ลำปาง,0,0,1,0,1
นันทมานพ,ฉะเชิงเทรา,0,0,1,0,1
เผือกประพันธุ์,ชลบุรี,0,0,0,1,1
ทรงอำนาจเจริญ,อุบลราชธานี,0,0,0,1,1
เพ็งส้ม,นนทบุรี,0,0,1,0,1
เพ่งจิตต์,จันทบุรี,0,0,1,0,1
เฟื่องประยูร,จันทบุรี,0,0,1,0,1
ทรงวัชราภรณ์,นนทบุรี,0,0,0,1,1
เมาะราษี,อุดรธานี,0,0,1,0,1
ธรรมเกษร,กรุงเทพมหานคร,0,0,1,0,1
ทองประเสริฐ,อำนาจเจริญ,0,0,1,0,1
ทองอร่าม,สมุทรปราการ,1,0,0,0,1
ถาวรกูล,พิจิตร,0,0,1,0,1
ศรีโยหะ มุกดาธนพงศ์,มุกดาหาร,0,1,0,0,1
แก้วบัวสาย,สมุทรปราการ,0,1,0,0,1
เลี้ยงบำรุง,อุตรดิตถ์,0,0,1,0,1
จันทรวงศ์,อำนาจเจริญ,0,0,1,0,1
คุ้มไข่น้ำ,ชลบุรี,0,0,0,1,1
โรจนกุลเสฏฐ์,ชลบุรี,0,0,1,0,1
โยทองยศ,เลย,0,0,1,0,1
งามสุคนธ์รัตนา,กรุงเทพมหานคร,0,0,0,1,1
จะปะกิยา,ปัตตานี,0,0,1,0,1
จันทนดิษฐ,นนทบุรี,0,0,1,0,1
จันทน์แดง,ชลบุรี,0,0,1,0,1
โพธิ์คาย,กรุงเทพมหานคร,0,0,0,1,1
จันทรขจร,นครปฐม,0,0,0,1,1
จันทรโชติกุล,สงขลา,0,0,1,0,1
แห้วสันตติ,กรุงเทพมหานคร,0,0,0,1,1
จันทวารา,อำนาจเจริญ,0,0,1,0,1
จันทะพิงค์,นครสวรรค์,0,1,0,0,1
จันทะวัฒน์,ร้อยเอ็ด,0,0,1,0,1
โชติเดชาชัยนันต์,กรุงเทพมหานคร,0,0,0,1,1
จาตุรพันธ์,สมุทรสาคร,0,0,0,0,1
จิตต์พิพัฒน์,นครราชสีมา,0,0,1,0,1
จิตต์อิสระ,กรุงเทพมหานคร,0,0,1,0,1
จินตนาพากานนท์,นครนายก,0,1,0,0,1
จินตานนท์,ราชบุรี,0,0,1,0,1
คำสมุทร,เชียงราย,0,0,0,1,1
คนขยัน,บึงกาฬ,1,0,0,0,1
คณาสวัสดิ์,มหาสารคาม,0,0,0,1,1
คงมี,พัทลุง,0,0,0,1,1
ไพรินทร์,ฉะเชิงเทรา,0,0,1,0,1
กลับบ้านเกาะ,สมุทรสาคร,0,0,0,1,1
กองจันทร์ดี,หนองบัวลำภู,0,0,0,1,1
กองทอง,สุรินทร์,0,0,1,0,1
ไชยศีรษะ,สุรินทร์,0,0,1,0,1
กิตติวงศา,จันทบุรี,0,0,0,1,1
ไชยมงคล,พะเยา,0,0,1,0,1
ไชยกุล,ยโสธร,0,0,0,1,1
ไข่เกษ,ตราด,0,0,1,0,1
ไกรสรรณ์,พระนครศรีอยุธยา,0,0,1,0,1
กุลวงษา,นครพนม,0,0,1,0,1
กุลศรี,สุพรรณบุรี,0,0,1,0,1
ไกรพีรพรรณ,ขอนแก่น,0,0,0,0,1
กุวานนท์,ปทุมธานี,0,0,1,0,1
ใสงาม,บุรีรัมย์,0,0,1,0,1
กูจินามิง,นราธิวาส,0,0,1,0,1
ขันอาสา,อุบลราชธานี,0,0,1,0,1
ขำอาจ,กรุงเทพมหานคร,0,0,1,0,1
ขำเจริญ,ราชบุรี,0,0,1,0,1
จินตโสภณ,กรุงเทพมหานคร,0,0,1,0,1
จึงวรานนท์,ศรีสะเกษ,0,0,1,0,1
ตั้งตระกูลวงศ์,อำนาจเจริญ,1,0,0,0,1
เส็งประเสริฐ,ราชบุรี,0,0,1,0,1
เอี่ยมทอง,กรุงเทพมหานคร,0,0,1,0,1
ซำศิริพงษ์,กรุงเทพมหานคร,0,0,0,1,1
เอมเปีย,ชลบุรี,0,0,1,0,1
เหล่าอารยะ,น่าน,1,0,0,0,1
เหลืองอุดมชัย,บุรีรัมย์,0,0,1,0,1
เหลืองบริบูรณ์,อุทัยธานี,0,0,1,0,1
ฐิติพิทยา,บุรีรัมย์,0,0,0,1,1
ณรงค์เดช,อุบลราชธานี,0,0,1,0,1
เหมะ,สมุทรปราการ,0,0,1,0,1
ดาบธรรม,เชียงใหม่,0,0,1,0,1
จุลโคตร,อุบลราชธานี,0,0,1,0,1
ดีนาง,ขอนแก่น,0,0,0,1,1
เสียงเจริญ,ปราจีนบุรี,0,0,1,0,1
ดุษฎีสุรพจน์,กรุงเทพมหานคร,0,0,1,0,1
ตรงสวัสดิ์,จันทบุรี,0,0,1,0,1
ตะล่อมสิน,กรุงเทพมหานคร,0,0,0,1,1
ตันฑ์พรชัย,สระบุรี,0,0,0,0,1
ตันติกุลพงศ์,มุกดาหาร,0,0,1,0,1
ตันติมนตรี,เชียงใหม่,0,0,1,0,1
ตันเทอดทิตย์,หนองคาย,0,0,0,1,1
เอี่ยมวงศ์,อุดรธานี,0,0,1,0,1
ชุนละเอียด,เลย,0,0,1,0,1
เฮงตระกูล,ชลบุรี,0,0,1,0,1
ชุติมันต์,กรุงเทพมหานคร,0,0,0,1,1
แสงศรี,หนองคาย,0,0,1,0,1
ฉันทะกุล,บุรีรัมย์,0,0,1,0,1
แสงนาค,ขอนแก่น,0,0,0,1,1
แวดาโอะ,นราธิวาส,0,0,1,0,1
แพรสกุล,เชียงใหม่,0,0,1,0,1
แพงศรี,ปราจีนบุรี,0,0,0,0,1
แทนทรัพย์,ชัยภูมิ,0,0,0,1,1
ชัยนิคม,มหาสารคาม,0,0,1,0,1
ชัยวิรัตน์นุกุล,สุโขทัย,0,0,1,0,1
แก้วอยู่,เพชรบุรี,0,0,0,1,1
ชาติอุทิศ,กรุงเทพมหานคร,0,0,1,0,1
แก้วผลึก,ชลบุรี,0,0,1,0,1
นิมมลรัตน์,เชียงใหม่,0,0,1,0,1
ชิงนวรรณ์,สระแก้ว,0,0,0,1,1
ชินธรรมมิตร,ราชบุรี,0,0,1,0,1
ชีววิญญู,ราชบุรี,0,0,1,0,1
เฮงสวัสดิ์,มหาสารคาม,0,0,1,0,1
ชื่นสมจิตต์,กรุงเทพมหานคร,0,0,1,0,1
เฮงวาณิชย์,บุรีรัมย์,0,0,1,0,1
นิติพจน์,นครพนม,1,0,0,0,1
บุตรเนียร,ปราจีนบุรี,0,0,0,1,1
นิยมกิจ,จันทบุรี,0,0,1,0,1
รามสูต,หนองคาย,0,0,1,0,1
สุทธิอำนวยเดช,ลพบุรี,0,0,0,1,1
สุทธิวงศ์,สกลนคร,0,0,1,0,1
สุดสวงค์,กรุงเทพมหานคร,0,0,1,0,1
ฤทธิศักดิ์ชลเดช,เลย,1,0,0,0,1
ฤาชา,ชัยภูมิ,0,0,1,0,1
ลัทธิกุล,บุรีรัมย์,0,0,1,0,1
สุขเกษม,บุรีรัมย์,0,0,1,0,1
ลิมปคุปตถาวร,ชัยภูมิ,0,0,1,0,1
สุขิตานนท์,พิจิตร,0,0,1,0,1
ลิ้มจิตรกร,กรุงเทพมหานคร,0,0,0,1,1
ลีลาบุตร,สกลนคร,0,0,1,0,1
ลีวาเมาะ,นราธิวาส,0,0,0,1,1
วงศ์ทรายทอง,ชลบุรี,0,0,0,1,1
วงษ์พิทักษ์โรจน์,ราชบุรี,0,0,0,1,1
วงษ์ไพร,สระบุรี,1,0,0,0,1
วชิรพงศ์,พระนครศรีอยุธยา,0,0,1,0,1
สิทธิโห,เลย,0,0,1,0,1
วรกานนท์,กรุงเทพมหานคร,0,0,0,1,1
สิทธิกรวงศ์,นนทบุรี,0,0,1,0,1
สิงห์ศักดา,นครราชสีมา,0,0,1,0,1
วรรณกางซ้าย,บุรีรัมย์,0,0,1,0,1
สาแม็ง,ยะลา,0,0,0,1,1
สาฮีบาตู,นราธิวาส,0,0,1,0,1
รินคำ,เชียงใหม่,0,0,1,0,1
ราชป้องขันธ์,หนองคาย,0,0,1,0,1
เตชะโสภณมณี,กรุงเทพมหานคร,0,0,0,1,1
สุนทรวร,สมุทรสาคร,0,0,1,0,1
สู่ศุภอรรถ,กรุงเทพมหานคร,0,0,1,0,1
สูญจันทร์,นครปฐม,0,0,0,1,1
มะหะหมัด,กรุงเทพมหานคร,0,0,0,1,1
มะหิพันธ์,อำนาจเจริญ,0,0,0,1,1
มากสุวรรณ์,สงขลา,0,1,0,0,1
มาลัยศรี,ร้อยเอ็ด,0,0,1,0,1
สุวรรณสว่าง,ชุมพร,0,0,1,0,1
มาไพศาลสิน,กาญจนบุรี,0,0,0,1,1
มิ่งขวัญ,นครราชสีมา,0,0,1,0,1
มุกดาหาร,กรุงเทพมหานคร,0,0,1,0,1
มุ่งฝากกลาง,นครราชสีมา,0,0,1,0,1
สุวภาพ,เชียงใหม่,0,0,1,0,1
สุรินทร์คำ,สุโขทัย,0,0,1,0,1
สุรังสี,พิจิตร,0,0,1,0,1
ยืนยง,ปทุมธานี,0,0,1,0,1
ยูซง,ปัตตานี,0,0,1,0,1
รมยานนท์,เชียงราย,0,0,1,0,1
สุพรรณชนะบุรี,พัทลุง,0,0,1,0,1
สุบรรณ ณ อยุธยา,นครปฐม,0,0,0,1,1
รัตนสถาพร,ปทุมธานี,0,0,0,1,1
รัตนสัค,เชียงราย,0,0,1,0,1
รัตนโกเศศ,นครพนม,0,0,1,0,1
รัสมี,กรุงเทพมหานคร,0,0,0,1,1
วรรณิสสร,ลพบุรี,0,0,1,0,1
วรวัลย์,เชียงใหม่,0,0,1,0,1
วรศรี,พัทลุง,1,0,0,0,1
วอนเพียร,กาญจนบุรี,0,0,0,1,1
วีระเสถียร,สุรินทร์,0,0,1,0,1
วุฒิกาญจน์,ยโสธร,0,0,1,0,1
สมบูรณ์,ขอนแก่น,0,0,0,1,1
ว่องสัธนพงษ์,ร้อยเอ็ด,0,0,1,0,1
ศรสุวรรณ,ราชบุรี,0,0,1,0,1
ศรีก่อเกื้อ,สงขลา,0,0,0,1,1
ศรีจันทร์,พะเยา,0,0,1,0,1
ศรีบุศยกาญจน์,สุราษฎร์ธานี,0,0,0,1,1
ศรีปาน,สงขลา,0,0,0,1,1
ศุภรานนท์,นครราชสีมา,0,0,0,1,1
ศุภรักษ์จินดา,อุตรดิตถ์,1,0,0,0,1
ศรีฟ้า,พังงา,0,0,1,0,1
ศิลาอ่อน,สุรินทร์,0,0,1,0,1
ศิลาพร,สระบุรี,0,0,1,0,1
ศรีรัตนพรรณ,ขอนแก่น,0,0,1,0,1
ศรีริกานนท์,นราธิวาส,0,0,1,0,1
ศรีวงษ์,ขอนแก่น,0,0,1,0,1
ศรีวัฒน์,ขอนแก่น,0,0,1,0,1
ศิริสถิตย์,หนองบัวลำภู,0,1,0,0,1
ศิริรังษี,กรุงเทพมหานคร,0,0,1,0,1
ศรีอินทร์สุทธิ์,นนทบุรี,0,0,0,1,1
ศิริปรีชาพงษ์,นครพนม,0,0,1,0,1
ศิรินุพงศ์,สงขลา,0,0,1,0,1
วีระพันธ์,ระยอง,0,0,1,0,1
วีรชาติวัฒนา,สมุทรปราการ,0,0,1,0,1
วิเศษรัตน์,กรุงเทพมหานคร,0,0,1,0,1
วิชิตวรสาร,สกลนคร,0,0,1,0,1
วัชโรบล,กรุงเทพมหานคร,0,0,1,0,1
สามารถ,นครศรีธรรมราช,0,0,1,0,1
สาดิษฐ์,สมุทรปราการ,0,0,1,0,1
สาคริก,กรุงเทพมหานคร,0,0,1,0,1
วัฒนประสิทธิ์,พิจิตร,1,0,0,0,1
สันติวงศ์เดชา,พิษณุโลก,0,0,1,0,1
สันติภาดา,พิษณุโลก,0,0,0,1,1
สันตินันตรักษ์,หนองบัวลำภู,1,0,0,0,1
สันตพันธุ์,อุบลราชธานี,0,0,1,0,1
วาบา,ปัตตานี,0,0,1,0,1
วิพรหมชัย,ลำพูน,0,0,1,0,1
สรรณ์ไตรภพ,ศรีสะเกษ,0,0,0,1,1
สอยเหลือง,ชลบุรี,0,0,1,0,1
สอนสิทธิ์,พิษณุโลก,0,0,1,0,1
วิลาวัลย์ ศรีจันทร์งาม,ปราจีนบุรี,0,0,1,0,1
สว่างวโรรส,เพชรบูรณ์,0,0,1,0,1
วิสุทธิ์วัฒนศักดิ์,ประจวบคีรีขันธ์,0,0,0,1,1
สวัสดี,สมุทรสาคร,0,0,0,0,1
สวัสดี,สงขลา,0,0,0,1,1
สวนานนท์,กรุงเทพมหานคร,0,0,1,0,1
วิเชียรวรรณ,อุดรธานี,0,0,1,0,1
สระมาลา,กรุงเทพมหานคร,0,0,1,0,1
ส่องแสง,ปทุมธานี,0,0,1,0,1
หงษ์อุปถัมภ์ไชย,อ่างทอง,0,0,1,0,1
หมื่นแสน,ร้อยเอ็ด,0,0,1,0,1
พรนิมิตร,กรุงเทพมหานคร,0,0,0,1,1
เขื่อนทา,พะเยา,0,0,1,0,1
ศิริธร,ตรัง,0,0,0,1,1
บุพศิริ,นครพนม,0,0,1,0,1
บุษบา,เลย,0,0,1,0,1
ประคุณศึกษาพันธ์,ขอนแก่น,0,0,1,0,1
เกษเมธีการุณ,นครราชสีมา,0,0,0,1,1
เกษมมงคล,ฉะเชิงเทรา,0,0,1,0,1
ประเสริฐผล,กาญจนบุรี,0,0,0,0,1
ปริญญาศิริ,สงขลา,0,0,0,1,1
ปลั่งศรีสกุล,ประจวบคีรีขันธ์,0,0,1,0,1
ฮุนตระกูล,กรุงเทพมหานคร,0,0,1,0,1
อ่อนอ้าย,พิษณุโลก,0,0,0,1,1
ปาจรียางกูร,ราชบุรี,0,0,1,0,1
ป้องวงษ์,สมุทรสาคร,0,0,0,1,1
อุสาหะ,เพชรบุรี,0,0,0,1,1
อุรเคนทร์,มหาสารคาม,0,0,1,0,1
อุปัติศฤงค์,ภูเก็ต,1,0,0,0,1
ผลสุวรรณ์,ปทุมธานี,0,0,0,1,1
ผาสุข,สิงห์บุรี,0,0,1,0,1
ผิวเหลือง,เลย,1,0,0,0,1
ผ่องเจริญกุล,เชียงใหม่,0,0,1,0,1
อุดมศักดิ์,อำนาจเจริญ,0,0,1,0,1
อุดมธรรมภักดี,สกลนคร,0,0,1,0,1
บุตรขุนทอง,เพชรบูรณ์,0,0,1,0,1
บุณย์ธิดา สมชัย,อุบลราชธานี,0,0,0,1,1
บุญไชยอินสวัสดิ์,กรุงเทพมหานคร,0,0,0,1,1
เจียมศรีพงษ์,พิจิตร,1,0,0,0,1
นิยมทรัพย์,นครปฐม,0,0,1,0,1
นิลสุพรรณ,นครสวรรค์,0,0,0,1,1
เดชกิจสุนทร,กาญจนบุรี,0,0,1,0,1
นุชิต,อุดรธานี,0,0,1,0,1
นุ่นทอง,นครศรีธรรมราช,0,0,1,0,1
นุ่มหนู,ตราด,0,0,0,1,1
บรรจงศุภมิตร,อุตรดิตถ์,0,0,1,0,1
บันทุปา,อุบลราชธานี,0,0,1,0,1
บัวขาว,อุบลราชธานี,0,0,1,0,1
เจ๊ะนา,ปัตตานี,0,0,1,0,1
บัวอินทร์,เพชรบูรณ์,0,0,1,0,1
บุญใหญ่,สกลนคร,0,0,1,0,1
บัวเผื่อน,จันทบุรี,0,0,0,1,1
บุญชู,สมุทรปราการ,0,0,0,1,1
บุญช่วยเหลือ,กรุงเทพมหานคร,0,0,0,1,1
บุญญชโลธร,ยโสธร,0,0,1,0,1
บุญญฤทธิ์,นครราชสีมา,0,0,1,0,1
บุญระชัยสวรรค์,แม่ฮ่องสอน,0,0,0,0,1
บุญลือ,เชียงใหม่,0,0,0,1,1
เจนจาคะ,กรุงเทพมหานคร,0,0,0,1,1
บุญสวยขวัญ,นครศรีธรรมราช,0,0,0,1,1
บุญสุวรรณ,ชลบุรี,0,0,1,0,1
พงษ์เจริญ,จันทบุรี,0,0,1,0,1
พรพงษาโรจน์,กรุงเทพมหานคร,0,0,0,1,1
หลักสุวรรณ,กรุงเทพมหานคร,0,0,1,0,1
อึ้งอภินันท์,พะเยา,0,0,1,0,1
พิมพ์สกุล,ชลบุรี,0,0,1,0,1
พิริยะปัญญาพร,ราชบุรี,0,0,1,0,1
พิศสุวรรณ อุเซ็ง,นครศรีธรรมราช,0,0,1,0,1
พิสิษฐบรรณกร,กรุงเทพมหานคร,0,0,1,0,1
พุทธจันทร์,เชียงราย,0,0,1,0,1
อนันต์นาคินทร์,กรุงเทพมหานคร,0,0,1,0,1
พูลธรัตน์,ประจวบคีรีขันธ์,0,0,1,0,1
พูลเจริญ,สมุทรปราการ,0,0,0,1,1
ภักดีพาณิชพงศ์,นครปฐม,0,0,1,0,1
ภัททิยกุล,กรุงเทพมหานคร,0,0,1,0,1
ภัทรโกศล,กรุงเทพมหานคร,0,0,1,0,1
หุตะสิงห์,กรุงเทพมหานคร,0,0,1,0,1
ภาวสุทธิ์,ชลบุรี,0,0,1,0,1
หิรัญคำ,ชัยภูมิ,0,0,1,0,1
หาลำเจียก,กาฬสินธุ์,0,0,1,0,1
ภูผิวเดือน,กาฬสินธุ์,0,0,1,0,1
ภูวพันธุ์,สุรินทร์,0,0,1,0,1
หอมหวล,สิงห์บุรี,0,0,1,0,1
ภูอิทธิวงศ์,เชียงใหม่,0,0,1,0,1
หวังบุญเกิด,กรุงเทพมหานคร,0,0,1,0,1
หล่อตระกูล,กาฬสินธุ์,1,0,0,0,1
หลีเหร็ม,สงขลา,0,0,1,0,1
มณีกาศ,นครพนม,0,0,1,0,1
อรัณยกานนท์,กรุงเทพมหานคร,0,0,0,1,1
พิทูรกิจจา,นครสวรรค์,0,0,1,0,1
อัคนิบุตร,ขอนแก่น,0,0,1,0,1
พลวิเศษ,นครราชสีมา,0,0,1,0,1
พรมดวง,ศรีสะเกษ,0,0,1,0,1
พรหมดี,นครพนม,0,0,1,0,1
พรหมนิติพันธุ์,นครราชสีมา,0,0,1,0,1
อินสุวรรณ์,พิจิตร,0,0,0,1,1
พรหมบุญ,กรุงเทพมหานคร,0,0,1,0,1
อินทรารักษ์,ชัยภูมิ,0,0,1,0,1
พรหมเพชร,สงขลา,0,0,0,1,1
อินทรพาณิชย์,ขอนแก่น,0,0,1,0,1
อินทรพัฒน์,น่าน,0,0,0,0,1
พลธี,ปทุมธานี,0,0,0,1,1
อำนวยทรัพย์,นครราชสีมา,0,0,0,1,1
พานิชมาท,ชลบุรี,0,0,0,1,1
อาแวกือจิ,ปัตตานี,0,0,1,0,1
อาลีอิสเฮาะ,ยะลา,0,0,0,1,1
พวงเพ็ชร์,ปทุมธานี,1,0,0,0,1
อาบู,ปัตตานี,0,0,0,1,1
พสุนนท์,อุบลราชธานี,0,0,1,0,1
พัฒนชัยกุล,เลย,0,0,0,1,1
พัฒนพันธ์ชัย,กรุงเทพมหานคร,0,0,1,0,1
อัมราลิขิต,ชลบุรี,0,0,1,0,1
พัฒนรัฐ,พิจิตร,0,0,1,0,1
พัวพัฒนกุล,อุทัยธานี,0,0,1,0,1
สันติวชิระกุล,แพร่,0,0,0,1,1