surname,district,count,percent
เกี่ยวข้อง,กระบี่,4,0.2
พันธุ์วิชาติกุล,กระบี่,8,0.4
เอ่งฉ้วน,กระบี่,8,0.4
ปัทมะ,กรุงเทพมหานคร,1,0.003086419753
ขำอาจ,กรุงเทพมหานคร,1,0.003086419753
คงอุดม,กรุงเทพมหานคร,1,0.003086419753
งามสุคนธ์รัตนา,กรุงเทพมหานคร,1,0.003086419753
จิตต์อิสระ,กรุงเทพมหานคร,1,0.003086419753
จินตโสภณ,กรุงเทพมหานคร,1,0.003086419753
จิรกิติ,กรุงเทพมหานคร,1,0.003086419753
ชาติอุทิศ,กรุงเทพมหานคร,1,0.003086419753
ชินวัตร,กรุงเทพมหานคร,1,0.003086419753
ชื่นสมจิตต์,กรุงเทพมหานคร,1,0.003086419753
ชุติมันต์,กรุงเทพมหานคร,1,0.003086419753
ซำศิริพงษ์,กรุงเทพมหานคร,1,0.003086419753
ดิศกุล,กรุงเทพมหานคร,1,0.003086419753
ดุษฎีสุรพจน์,กรุงเทพมหานคร,1,0.003086419753
ตะล่อมสิน,กรุงเทพมหานคร,1,0.003086419753
ตันศิริ,กรุงเทพมหานคร,1,0.003086419753
ถนอมสินธุ์,กรุงเทพมหานคร,1,0.003086419753
ทองศิริ,กรุงเทพมหานคร,1,0.003086419753
ทิวไผ่งาม,กรุงเทพมหานคร,1,0.003086419753
ธรรมเกษร,กรุงเทพมหานคร,1,0.003086419753
นิมมานเหมินท์,กรุงเทพมหานคร,1,0.003086419753
บรรทัดฐาน,กรุงเทพมหานคร,1,0.003086419753
บุญช่วยเหลือ,กรุงเทพมหานคร,1,0.003086419753
บุญไชยอินสวัสดิ์,กรุงเทพมหานคร,1,0.003086419753
ประจวบเหมาะ,กรุงเทพมหานคร,1,0.003086419753
พงศ์เรืองรอง,กรุงเทพมหานคร,1,0.003086419753
พรนิมิตร,กรุงเทพมหานคร,1,0.003086419753
พรพงษาโรจน์,กรุงเทพมหานคร,1,0.003086419753
พรหมบุญ,กรุงเทพมหานคร,1,0.003086419753
พร้อมพันธุ์,กรุงเทพมหานคร,1,0.003086419753
พัฒนพันธ์ชัย,กรุงเทพมหานคร,1,0.003086419753
พิสิษฐบรรณกร,กรุงเทพมหานคร,1,0.003086419753
ภมรมนตรี,กรุงเทพมหานคร,1,0.003086419753
ภัททิยกุล,กรุงเทพมหานคร,1,0.003086419753
ภัทรโกศล,กรุงเทพมหานคร,1,0.003086419753
มะหะหมัด,กรุงเทพมหานคร,1,0.003086419753
มุกดาหาร,กรุงเทพมหานคร,1,0.003086419753
ยมจินดา,กรุงเทพมหานคร,1,0.003086419753
รอดโพธิ์ทอง,กรุงเทพมหานคร,1,0.003086419753
รังสิตพล,กรุงเทพมหานคร,1,0.003086419753
รัสมี,กรุงเทพมหานคร,1,0.003086419753
ลิ่วเฉลิมวงศ์,กรุงเทพมหานคร,1,0.003086419753
ลิ้มจิตรกร,กรุงเทพมหานคร,1,0.003086419753
วงศ์อารยะ,กรุงเทพมหานคร,1,0.003086419753
วรกานนท์,กรุงเทพมหานคร,1,0.003086419753
วัชโรบล,กรุงเทพมหานคร,1,0.003086419753
วิกิตเศรษฐ์,กรุงเทพมหานคร,1,0.003086419753
วิภูศิริ,กรุงเทพมหานคร,1,0.003086419753
วิเศษรัตน์,กรุงเทพมหานคร,1,0.003086419753
ศิริรังษี,กรุงเทพมหานคร,1,0.003086419753
ศุภมงคล,กรุงเทพมหานคร,1,0.003086419753
สระมาลา,กรุงเทพมหานคร,1,0.003086419753
สวนานนท์,กรุงเทพมหานคร,1,0.003086419753
สาคริก,กรุงเทพมหานคร,1,0.003086419753
สุขถิ่นไทย,กรุงเทพมหานคร,1,0.003086419753
สุดสวงค์,กรุงเทพมหานคร,1,0.003086419753
สุนทรวัฒน์,กรุงเทพมหานคร,1,0.003086419753
สุ่นศิริ,กรุงเทพมหานคร,1,0.003086419753
สู่ศุภอรรถ,กรุงเทพมหานคร,1,0.003086419753
หลักสุวรรณ,กรุงเทพมหานคร,1,0.003086419753
หวังบุญเกิด,กรุงเทพมหานคร,1,0.003086419753
หุตะสิงห์,กรุงเทพมหานคร,1,0.003086419753
อนันต์นาคินทร์,กรุงเทพมหานคร,1,0.003086419753
อรัณยกานนท์,กรุงเทพมหานคร,1,0.003086419753
อุไรรัตน์,กรุงเทพมหานคร,1,0.003086419753
ฮุนตระกูล,กรุงเทพมหานคร,1,0.003086419753
เจนจาคะ,กรุงเทพมหานคร,1,0.003086419753
เตชะโสภณมณี,กรุงเทพมหานคร,1,0.003086419753
เทียนทอง,กรุงเทพมหานคร,1,0.003086419753
เพชรทอง,กรุงเทพมหานคร,1,0.003086419753
เรืองปัญญาวุฒิ,กรุงเทพมหานคร,1,0.003086419753
เลิศนุวัฒน์,กรุงเทพมหานคร,1,0.003086419753
เอี่ยมทอง,กรุงเทพมหานคร,1,0.003086419753
แสงประทุม,กรุงเทพมหานคร,1,0.003086419753
แห้วสันตติ,กรุงเทพมหานคร,1,0.003086419753
โกษะโยธิน,กรุงเทพมหานคร,1,0.003086419753
โชติเดชาชัยนันต์,กรุงเทพมหานคร,1,0.003086419753
โพธิ์คาย,กรุงเทพมหานคร,1,0.003086419753
โสภณพนิช,กรุงเทพมหานคร,1,0.003086419753
กัลยาวินัย,กรุงเทพมหานคร,2,0.006172839506
กิมสูนจันทร์,กรุงเทพมหานคร,2,0.006172839506
คงวุฒิปัญญา,กรุงเทพมหานคร,2,0.006172839506
คล้ายนก,กรุงเทพมหานคร,2,0.006172839506
คุนผลิน,กรุงเทพมหานคร,2,0.006172839506
จาติกวาณิช,กรุงเทพมหานคร,2,0.006172839506
จีนะวิจารณะ,กรุงเทพมหานคร,2,0.006172839506
ชนะวงศ์,กรุงเทพมหานคร,2,0.006172839506
ชีรวินิจ,กรุงเทพมหานคร,2,0.006172839506
ชุมสาย ณ อยุธยา,กรุงเทพมหานคร,2,0.006172839506
ดำรงรัตน์,กรุงเทพมหานคร,2,0.006172839506
ถนอมพงษ์พันธุ์,กรุงเทพมหานคร,2,0.006172839506
ทิวารี,กรุงเทพมหานคร,2,0.006172839506
ทีปสุวรรณ,กรุงเทพมหานคร,2,0.006172839506
ธนาดิเรก,กรุงเทพมหานคร,2,0.006172839506
ธรรมวัฒนะ,กรุงเทพมหานคร,2,0.006172839506
บริพัตร,กรุงเทพมหานคร,2,0.006172839506
บุนนาค,กรุงเทพมหานคร,2,0.006172839506
บูรพชัยศรี,กรุงเทพมหานคร,2,0.006172839506
ปัญญาสกุลวงศ์,กรุงเทพมหานคร,2,0.006172839506
พรพิพัฒน์พงศ์,กรุงเทพมหานคร,2,0.006172839506
พานิชภักดิ์,กรุงเทพมหานคร,2,0.006172839506
มะลูลีม,กรุงเทพมหานคร,2,0.006172839506
รัตตกุล,กรุงเทพมหานคร,2,0.006172839506
รุ่งแสง,กรุงเทพมหานคร,2,0.006172839506
วีรกุลสุนทร,กรุงเทพมหานคร,2,0.006172839506
ศรีวิกรม์,กรุงเทพมหานคร,2,0.006172839506
ศรีเมือง,กรุงเทพมหานคร,2,0.006172839506
ศรีแสงนาม,กรุงเทพมหานคร,2,0.006172839506
สมณะ,กรุงเทพมหานคร,2,0.006172839506
สมพงษ์,กรุงเทพมหานคร,2,0.006172839506
สมะลาภา,กรุงเทพมหานคร,2,0.006172839506
สรสุชาติ,กรุงเทพมหานคร,2,0.006172839506
สำเร็จวาณิชย์,กรุงเทพมหานคร,2,0.006172839506
สินสุวงศ์,กรุงเทพมหานคร,2,0.006172839506
สิมะโรจน์,กรุงเทพมหานคร,2,0.006172839506
สุนทรสีมะ,กรุงเทพมหานคร,2,0.006172839506
สุวรรณทัต,กรุงเทพมหานคร,2,0.006172839506
สุวรรณภักดี,กรุงเทพมหานคร,2,0.006172839506
หุตังคบดี,กรุงเทพมหานคร,2,0.006172839506
ห่วงทรัพย์,กรุงเทพมหานคร,2,0.006172839506
อัตถากร,กรุงเทพมหานคร,2,0.006172839506
อิศรภักดี,กรุงเทพมหานคร,2,0.006172839506
อิสระเสรีพงษ์,กรุงเทพมหานคร,2,0.006172839506
อึ๊งภากรณ์,กรุงเทพมหานคร,2,0.006172839506
เงินยวง,กรุงเทพมหานคร,2,0.006172839506
เซ่งไพเราะ,กรุงเทพมหานคร,2,0.006172839506
เบ็ญจศิริวรรณ,กรุงเทพมหานคร,2,0.006172839506
แสงสุริยจันทร์,กรุงเทพมหานคร,2,0.006172839506
โพธิวิหค,กรุงเทพมหานคร,2,0.006172839506
กาญจนชูศักดิ์,กรุงเทพมหานคร,3,0.009259259259
คุณะเกษม,กรุงเทพมหานคร,3,0.009259259259
จึงเลิศศิริ,กรุงเทพมหานคร,3,0.009259259259
ธารณา,กรุงเทพมหานคร,3,0.009259259259
นพเกตุ,กรุงเทพมหานคร,3,0.009259259259
นาคพงศ์,กรุงเทพมหานคร,3,0.009259259259
นาครทรรพ,กรุงเทพมหานคร,3,0.009259259259
ปุณณกันต์,กรุงเทพมหานคร,3,0.009259259259
มงคลกิตติ,กรุงเทพมหานคร,3,0.009259259259
มฤคพิทักษ์,กรุงเทพมหานคร,3,0.009259259259
มโนหรทัต,กรุงเทพมหานคร,3,0.009259259259
สาลีรัฐวิภาค,กรุงเทพมหานคร,3,0.009259259259
เจริญช่าง,กรุงเทพมหานคร,3,0.009259259259
เต็มเจริญ,กรุงเทพมหานคร,3,0.009259259259
โสณกุล,กรุงเทพมหานคร,3,0.009259259259
โหสกุล,กรุงเทพมหานคร,3,0.009259259259
โอสถานุเคราะห์,กรุงเทพมหานคร,3,0.009259259259
คล้ามไพบูลย์,กรุงเทพมหานคร,4,0.01234567901
คันธวงศ์,กรุงเทพมหานคร,4,0.01234567901
ฉันทวานิช,กรุงเทพมหานคร,4,0.01234567901
ชันแสง,กรุงเทพมหานคร,4,0.01234567901
มีนชัยนันท์,กรุงเทพมหานคร,4,0.01234567901
ฤกษ์จรัล,กรุงเทพมหานคร,4,0.01234567901
วรรณศิริกุล,กรุงเทพมหานคร,4,0.01234567901
วิภัติภูมิประเทศ,กรุงเทพมหานคร,4,0.01234567901
สัจจกุล,กรุงเทพมหานคร,4,0.01234567901
สุขุม,กรุงเทพมหานคร,4,0.01234567901
หงสกุล,กรุงเทพมหานคร,4,0.01234567901
อยู่บำรุง,กรุงเทพมหานคร,4,0.01234567901
เกยุราพันธุ์,กรุงเทพมหานคร,4,0.01234567901
เวชชาชีวะ,กรุงเทพมหานคร,4,0.01234567901
ปั้นทอง,กรุงเทพมหานคร,5,0.01543209877
ไพรสณฑ์,กรุงเทพมหานคร,5,0.01543209877
ฤกษ์สำราญ,กรุงเทพมหานคร,6,0.01851851852
สุนทรเวช,กรุงเทพมหานคร,6,0.01851851852
จันทร์พิทักษ์,กรุงเทพมหานคร,8,0.02469135802
ม่วงศิริ,กรุงเทพมหานคร,8,0.02469135802
ปิยะโชติ,กาญจนบุรี,1,0.02222222222
มาไพศาลสิน,กาญจนบุรี,1,0.02222222222
รัศมีฤกษ์เศรษฐ์,กาญจนบุรี,1,0.02222222222
วอนเพียร,กาญจนบุรี,1,0.02222222222
วุฒิศิริ,กาญจนบุรี,1,0.02222222222
เดชกิจสุนทร,กาญจนบุรี,1,0.02222222222
จันทร์สมบูรณ์,กาญจนบุรี,2,0.04444444444
โพธารากุล,กาญจนบุรี,2,0.04444444444
โพธิ์งาม,กาญจนบุรี,2,0.04444444444
พิมพ์พิสิฐถาวร,กาญจนบุรี,3,0.06666666667
มนตริวัต,กาญจนบุรี,3,0.06666666667
วิษณุวงศ์,กาญจนบุรี,4,0.08888888889
จีนาภักดิ์,กาญจนบุรี,5,0.1111111111
สุขารมณ์,กาญจนบุรี,5,0.1111111111
สิรินุกุล,กาญจนบุรี,6,0.1333333333
โพธิพิพิธ,กาญจนบุรี,7,0.1555555556
ภูผิวเดือน,กาฬสินธุ์,1,0.01886792453
วรามิตร,กาฬสินธุ์,1,0.01886792453
ศิรินวกุล,กาฬสินธุ์,1,0.01886792453
หาลำเจียก,กาฬสินธุ์,1,0.01886792453
โง่นคำ,กาฬสินธุ์,1,0.01886792453
ณ กาฬสินธุ์,กาฬสินธุ์,2,0.03773584906
ภูจริต,กาฬสินธุ์,3,0.05660377358
มงคลธรรม,กาฬสินธุ์,3,0.05660377358
มงคลวิรกุล,กาฬสินธุ์,3,0.05660377358
โอสถานุเคราะห์,กาฬสินธุ์,3,0.05660377358
ภูมิเหล่าแจ้ง,กาฬสินธุ์,4,0.07547169811
สุทธศรี,กาฬสินธุ์,4,0.07547169811
บุญเรือง,กาฬสินธุ์,5,0.09433962264
ศิริกุล,กาฬสินธุ์,5,0.09433962264
ไชยศิวามงคล,กาฬสินธุ์,5,0.09433962264
ศรีธเรศ,กาฬสินธุ์,11,0.2075471698
ศรีแปงวงค์,กำแพงเพชร,1,0.02380952381
ผลอำนวย,กำแพงเพชร,3,0.07142857143
ไทยประสิทธิ์,กำแพงเพชร,3,0.07142857143
รัตนากร,กำแพงเพชร,4,0.09523809524
สบายเมือง,กำแพงเพชร,4,0.09523809524
อาภรณ์รัตน์,กำแพงเพชร,5,0.119047619
ฤกษ์หร่าย,กำแพงเพชร,7,0.1666666667
ลิกค์,กำแพงเพชร,7,0.1666666667
มุสิกุล,กำแพงเพชร,8,0.1904761905
ฉัตรชัยพลรัตน์,ขอนแก่น,1,0.01
ช่างเหลา,ขอนแก่น,1,0.01
ดีนาง,ขอนแก่น,1,0.01
ประคุณศึกษาพันธ์,ขอนแก่น,1,0.01
วีรวรรณ,ขอนแก่น,1,0.01
ศรีตรัย,ขอนแก่น,1,0.01
ศรีรัตนพรรณ,ขอนแก่น,1,0.01
ศรีวงษ์,ขอนแก่น,1,0.01
ศรีวัฒน์,ขอนแก่น,1,0.01
สมบูรณ์,ขอนแก่น,1,0.01
สันติเมทนีดล,ขอนแก่น,1,0.01
อัคนิบุตร,ขอนแก่น,1,0.01
อินทรพาณิชย์,ขอนแก่น,1,0.01
แสงนาค,ขอนแก่น,1,0.01
โอสถานุเคราะห์,ขอนแก่น,1,0.01
กาญจนสินิทธ์,ขอนแก่น,2,0.02
ชนะวงศ์,ขอนแก่น,2,0.02
ดีบุญมี ณ ชุมแพ,ขอนแก่น,2,0.02
พงษ์พานิช,ขอนแก่น,2,0.02
สุภธีระ,ขอนแก่น,2,0.02
อักษรเสือ,ขอนแก่น,2,0.02
ศรีปัญญา,ขอนแก่น,3,0.03
สุพรรณฝ่าย,ขอนแก่น,3,0.03
สุรพล,ขอนแก่น,3,0.03
เตชะตานนท์,ขอนแก่น,3,0.03
เตาะเจริญสุข,ขอนแก่น,3,0.03
เพียงเกษ,ขอนแก่น,3,0.03
เพียยุระ,ขอนแก่น,3,0.03
แกล้วกล้าหาญ,ขอนแก่น,3,0.03
คุณกิตติ,ขอนแก่น,4,0.04
พัฒน์ดำรงจิตร,ขอนแก่น,4,0.04
เจริญเชื้อ,ขอนแก่น,4,0.04
คุณเงิน,ขอนแก่น,5,0.05
พงษ์สมบัติ,ขอนแก่น,5,0.05
ศรีสุรพล,ขอนแก่น,5,0.05
สาระผล,ขอนแก่น,6,0.06
อรรณนพพร,ขอนแก่น,8,0.08
เกียรติสุรนนท์,ขอนแก่น,8,0.08
กิตติวงศา,จันทบุรี,1,0.03703703704
ตรงสวัสดิ์,จันทบุรี,1,0.03703703704
นิยมกิจ,จันทบุรี,1,0.03703703704
บัวเผื่อน,จันทบุรี,1,0.03703703704
พงษ์เจริญ,จันทบุรี,1,0.03703703704
ภิญญสาสน์,จันทบุรี,1,0.03703703704
ศรีอ่อน,จันทบุรี,1,0.03703703704
เพ่งจิตต์,จันทบุรี,1,0.03703703704
เฟื่องประยูร,จันทบุรี,1,0.03703703704
ชนะวัฒน์ปัญญา,จันทบุรี,2,0.07407407407
พลบุตร,จันทบุรี,2,0.07407407407
อุตโมท,จันทบุรี,4,0.1481481481
เวชชาชีวะ,จันทบุรี,4,0.1481481481
อนามพงษ์,จันทบุรี,6,0.2222222222
จารุสมบัติ,ฉะเชิงเทรา,1,0.02702702703
ทองสุวรรณ์,ฉะเชิงเทรา,1,0.02702702703
ทัตติยกุล,ฉะเชิงเทรา,1,0.02702702703
นันทมานพ,ฉะเชิงเทรา,1,0.02702702703
มะลิผล,ฉะเชิงเทรา,1,0.02702702703
เกษมมงคล,ฉะเชิงเทรา,1,0.02702702703
เป้าเปี่ยมทรัพย์,ฉะเชิงเทรา,1,0.02702702703
เรืองสวัสดิ์,ฉะเชิงเทรา,1,0.02702702703
ไพรินทร์,ฉะเชิงเทรา,1,0.02702702703
อัศวชัยโสภณ,ฉะเชิงเทรา,2,0.05405405405
อุไรรัตน์,ฉะเชิงเทรา,3,0.08108108108
ศิริลัทธยากร,ฉะเชิงเทรา,5,0.1351351351
ฉายแสง,ฉะเชิงเทรา,9,0.2432432432
ตันเจริญ,ฉะเชิงเทรา,9,0.2432432432
คุ้มไข่น้ำ,ชลบุรี,1,0.01587301587
จันทน์แดง,ชลบุรี,1,0.01587301587
ตั้งประกอบ,ชลบุรี,1,0.01587301587
ตั๊นสวัสดิ์,ชลบุรี,1,0.01587301587
ตาคีย์,ชลบุรี,1,0.01587301587
บุญสุวรรณ,ชลบุรี,1,0.01587301587
พานิชมาท,ชลบุรี,1,0.01587301587
พิมพ์สกุล,ชลบุรี,1,0.01587301587
ภาวสุทธิ์,ชลบุรี,1,0.01587301587
รุ่งโรจน์,ชลบุรี,1,0.01587301587
วงศ์ทรายทอง,ชลบุรี,1,0.01587301587
สอยเหลือง,ชลบุรี,1,0.01587301587
อนันตกูล,ชลบุรี,1,0.01587301587
อัมราลิขิต,ชลบุรี,1,0.01587301587
เกตุวัตถา,ชลบุรี,1,0.01587301587
เผือกประพันธุ์,ชลบุรี,1,0.01587301587
เอมเปีย,ชลบุรี,1,0.01587301587
เฮงตระกูล,ชลบุรี,1,0.01587301587
แก้วผลึก,ชลบุรี,1,0.01587301587
โรจนกุลเสฏฐ์,ชลบุรี,1,0.01587301587
ชมกลิ่น,ชลบุรี,2,0.03174603175
ชวลิตนิติธรรม,ชลบุรี,2,0.03174603175
พิมพ์ใจชน,ชลบุรี,2,0.03174603175
วิภัติภูมิประเทศ,ชลบุรี,2,0.03174603175
สุริยาทิพย์,ชลบุรี,2,0.03174603175
อนุวัฒน์,ชลบุรี,2,0.03174603175
สหชัยรุ่งเรือง,ชลบุรี,3,0.04761904762
เนื่องจำนงค์,ชลบุรี,3,0.04761904762
งามพิเชษฐ์,ชลบุรี,4,0.06349206349
นิธิวุฒิวรรักษ์,ชลบุรี,4,0.06349206349
ธนสงวนวงศ์,ชลบุรี,5,0.07936507937
คุณปลื้ม,ชลบุรี,12,0.1904761905
คุ้มชนะ,ชัยนาท,2,0.1
ทรัพย์รวงทอง,ชัยนาท,4,0.2
นาคาศัย,ชัยนาท,5,0.25
สงฆ์ประชา,ชัยนาท,9,0.45
ฤาชา,ชัยภูมิ,1,0.015625
ลิมปคุปตถาวร,ชัยภูมิ,1,0.015625
หิรัญคำ,ชัยภูมิ,1,0.015625
อินทรารักษ์,ชัยภูมิ,1,0.015625
เร่งไพบูลย์วงษ์,ชัยภูมิ,1,0.015625
แทนทรัพย์,ชัยภูมิ,1,0.015625
ชาลีรินทร์,ชัยภูมิ,2,0.03125
ชาลีเครือ,ชัยภูมิ,2,0.03125
บุญศิริวัฒนกุล,ชัยภูมิ,2,0.03125
มหาจันทร์,ชัยภูมิ,2,0.03125
ฦาชา,ชัยภูมิ,2,0.03125
แก้วศิริ,ชัยภูมิ,2,0.03125
เกียรติก้องชูชัย,ชัยภูมิ,3,0.046875
โลหะวณิชย์,ชัยภูมิ,3,0.046875
โล่ห์วีระ,ชัยภูมิ,4,0.0625
ประภากรแก้วรัตน์,ชัยภูมิ,5,0.078125
สงวนวงศ์ชัย,ชัยภูมิ,6,0.09375
จรรย์โกมล,ชัยภูมิ,8,0.125
ชัยวิรัตนะ,ชัยภูมิ,8,0.125
คนสมบูรณ์,ชัยภูมิ,9,0.140625
สุวรรณสว่าง,ชุมพร,1,0.03703703704
ปางวิรุฬห์รักษ์,ชุมพร,3,0.1111111111
จุลใส,ชุมพร,4,0.1481481481
พะลัง,ชุมพร,5,0.1851851852
แก้วนาโพธิ์,ชุมพร,5,0.1851851852
อ่อนละมัย,ชุมพร,9,0.3333333333
ศิริธร,ตรัง,1,0.0303030303
กู้สุจริต,ตรัง,2,0.06060606061
อัถโถปกรณ์,ตรัง,2,0.06060606061
คันฉ่อง,ตรัง,4,0.1212121212
หลีกภัย,ตรัง,4,0.1212121212
อุทัยเวียนกุล,ตรัง,4,0.1212121212
สุระบาล,ตรัง,5,0.1515151515
โล่สถาพรพิพิธ,ตรัง,5,0.1515151515
วงศ์หนองเตย,ตรัง,6,0.1818181818
นุ่มหนู,ตราด,1,0.1
สุทธิวารี,ตราด,1,0.1
ไข่เกษ,ตราด,1,0.1
ไตรวุฒิ,ตราด,2,0.2
สลักเพชร,ตราด,5,0.5
บูลย์ประมุข,ตาก,1,0.04
ทวีเกื้อกูลกิจ,ตาก,2,0.08
สุวรรณเพ็ญ,ตาก,2,0.08
กาสมสัน,ตาก,3,0.12
ตันติสุนทร,ตาก,4,0.16
บรรณวัฒน์,ตาก,6,0.24
ไชยนันทน์,ตาก,7,0.28
บุญ-หลง,นครนายก,3,0.2142857143
อิสระเสนารักษ์,นครนายก,3,0.2142857143
กิตติธเนศวร,นครนายก,8,0.5714285714
จันทรขจร,นครปฐม,1,0.02173913043
นิยมทรัพย์,นครปฐม,1,0.02173913043
ภักดีพาณิชพงศ์,นครปฐม,1,0.02173913043
สุบรรณ ณ อยุธยา,นครปฐม,1,0.02173913043
สูญจันทร์,นครปฐม,1,0.02173913043
เนตรโพธิ์แก้ว,นครปฐม,1,0.02173913043
เจนกิจณรงค์,นครปฐม,2,0.04347826087
เปี่ยมคล้า,นครปฐม,2,0.04347826087
สิริยะเสถียร,นครปฐม,3,0.0652173913
บุญมี,นครปฐม,4,0.08695652174
ปทุมารักษ์,นครปฐม,6,0.1304347826
แก้วพิจิตร,นครปฐม,6,0.1304347826
สะสมทรัพย์,นครปฐม,17,0.3695652174
กุลวงษา,นครพนม,1,0.02272727273
กุลศักดิ์วิมล,นครพนม,1,0.02272727273
บุพศิริ,นครพนม,1,0.02272727273
พรหมดี,นครพนม,1,0.02272727273
มณีกาศ,นครพนม,1,0.02272727273
รัตนโกเศศ,นครพนม,1,0.02272727273
ศิริปรีชาพงษ์,นครพนม,1,0.02272727273
เรืองวรบูรณ์,นครพนม,1,0.02272727273
ยงใจยุทธ,นครพนม,2,0.04545454545
เจริญศรี,นครพนม,2,0.04545454545
คูสกุล,นครพนม,3,0.06818181818
วิชยสุทธิ์,นครพนม,3,0.06818181818
โพธิ์สุ,นครพนม,4,0.09090909091
(คันคาย) ทรัพยสิทธิ์,นครพนม,6,0.1363636364
บูรณ์พงศ์,นครพนม,7,0.1590909091
ศรีวรขาน,นครพนม,9,0.2045454545
จิตต์พิพัฒน์,นครราชสีมา,1,0.007092198582
ฐาปนะกุล,นครราชสีมา,1,0.007092198582
บุญญฤทธิ์,นครราชสีมา,1,0.007092198582
พรหมนิติพันธุ์,นครราชสีมา,1,0.007092198582
พลวิเศษ,นครราชสีมา,1,0.007092198582
พันธุ์ศรีนคร,นครราชสีมา,1,0.007092198582
มิ่งขวัญ,นครราชสีมา,1,0.007092198582
มุ่งฝากกลาง,นครราชสีมา,1,0.007092198582
วิเศษจินดาวัฒน์,นครราชสีมา,1,0.007092198582
ศุภรานนท์,นครราชสีมา,1,0.007092198582
สิงห์ศักดา,นครราชสีมา,1,0.007092198582
หวังศุภกิจโกศล,นครราชสีมา,1,0.007092198582
อำนวยทรัพย์,นครราชสีมา,1,0.007092198582
เกษเมธีการุณ,นครราชสีมา,1,0.007092198582
เชิดชัย,นครราชสีมา,1,0.007092198582
เลิศพชรกมล,นครราชสีมา,1,0.007092198582
กรีฑาเวช,นครราชสีมา,2,0.01418439716
ฉัตรพัฒนศิริ,นครราชสีมา,2,0.01418439716
ณ วังขนาย,นครราชสีมา,2,0.01418439716
ด่านกุล,นครราชสีมา,2,0.01418439716
ปัทมะ,นครราชสีมา,2,0.01418439716
ภิญโญ,นครราชสีมา,2,0.01418439716
รัตนเพียร,นครราชสีมา,2,0.01418439716
รุ่งเป้า,นครราชสีมา,2,0.01418439716
ศรีพรหม,นครราชสีมา,2,0.01418439716
เลิศด้วยลาภ,นครราชสีมา,2,0.01418439716
โพธิ์คำ,นครราชสีมา,2,0.01418439716
โสมกลาง,นครราชสีมา,2,0.01418439716
ชุณหะวัณ,นครราชสีมา,3,0.02127659574
บุญชัยสุข,นครราชสีมา,3,0.02127659574
พิลาสมบัติ,นครราชสีมา,3,0.02127659574
สภาวสุ,นครราชสีมา,3,0.02127659574
อัตถาวงศ์,นครราชสีมา,3,0.02127659574
เลาวัณย์ศิริ,นครราชสีมา,3,0.02127659574
แถวโสภา,นครราชสีมา,3,0.02127659574
โตมรศักดิ์,นครราชสีมา,3,0.02127659574
คำสิงห์นอก,นครราชสีมา,4,0.02836879433
ทัพพะรังสี,นครราชสีมา,4,0.02836879433
พร้อมพันธุ์,นครราชสีมา,4,0.02836879433
พิทยาภรณ์,นครราชสีมา,4,0.02836879433
วงศ์ไตรรัตน์,นครราชสีมา,4,0.02836879433
สุโกศล,นครราชสีมา,4,0.02836879433
ครุฑขุนทด,นครราชสีมา,5,0.03546099291
จันทรรวงทอง,นครราชสีมา,5,0.03546099291
พันธ์เกษม,นครราชสีมา,5,0.03546099291
ชาญนุกูล,นครราชสีมา,6,0.04255319149
ลิปตพัลลภ,นครราชสีมา,7,0.04964539007
เพศประเสริฐ,นครราชสีมา,7,0.04964539007
สุวรรณฉวี,นครราชสีมา,8,0.05673758865
รัตนเศรษฐ,นครราชสีมา,10,0.07092198582
นุ่นทอง,นครศรีธรรมราช,1,0.01176470588
บุญสวยขวัญ,นครศรีธรรมราช,1,0.01176470588
พิศสุวรรณ อุเซ็ง,นครศรีธรรมราช,1,0.01176470588
ยุติธรรม,นครศรีธรรมราช,1,0.01176470588
สามารถ,นครศรีธรรมราช,1,0.01176470588
สุขศรีเมือง,นครศรีธรรมราช,1,0.01176470588
เดชเดโช,นครศรีธรรมราช,1,0.01176470588
แสงประทุม,นครศรีธรรมราช,1,0.01176470588
อดิเทพวรพันธุ์,นครศรีธรรมราช,4,0.04705882353
เสนพงศ์,นครศรีธรรมราช,4,0.04705882353
ทองสมัคร,นครศรีธรรมราช,5,0.05882352941
พิศสุวรรณ,นครศรีธรรมราช,5,0.05882352941
รัตนพันธ์,นครศรีธรรมราช,5,0.05882352941
เจาะจิตต์,นครศรีธรรมราช,5,0.05882352941
การิกาญจน์,นครศรีธรรมราช,7,0.08235294118
แก้วภราดัย,นครศรีธรรมราช,7,0.08235294118
วิชัยกุล,นครศรีธรรมราช,8,0.09411764706
ศักดิเศรษฐ์,นครศรีธรรมราช,8,0.09411764706
บุณยเกียรติ,นครศรีธรรมราช,9,0.1058823529
มาศดิตถ์,นครศรีธรรมราช,10,0.1176470588
นิลสุพรรณ,นครสวรรค์,1,0.01639344262
พิทูรกิจจา,นครสวรรค์,1,0.01639344262
ศรีผึ้ง,นครสวรรค์,1,0.01639344262
จิตสุทธิภากร,นครสวรรค์,2,0.03278688525
จุลพงศธร,นครสวรรค์,2,0.03278688525
ฉัตรจินดารัตน์,นครสวรรค์,2,0.03278688525
ตั้งภากรณ์,นครสวรรค์,2,0.03278688525
ปานอุดมลักษณ์,นครสวรรค์,2,0.03278688525
เกียรติชูศักดิ์,นครสวรรค์,2,0.03278688525
เจริญชัยฤทธิ์,นครสวรรค์,2,0.03278688525
แจ่มใส,นครสวรรค์,2,0.03278688525
แสงศิริ,นครสวรรค์,2,0.03278688525
ตันประเสริฐ,นครสวรรค์,3,0.04918032787
โอบอ้อม,นครสวรรค์,3,0.04918032787
วงษ์สุนทร,นครสวรรค์,4,0.06557377049
สุนทรเลขา,นครสวรรค์,4,0.06557377049
โรจนเสถียร,นครสวรรค์,4,0.06557377049
ศิริวันสาณฑ์,นครสวรรค์,5,0.08196721311
นิโรจน์,นครสวรรค์,6,0.09836065574
คำประกอบ,นครสวรรค์,11,0.1803278689
จันทนดิษฐ,นนทบุรี,1,0.02
ทรงวัชราภรณ์,นนทบุรี,1,0.02
ศรีอินทร์สุทธิ์,นนทบุรี,1,0.02
สิทธิกรวงศ์,นนทบุรี,1,0.02
เพ็งส้ม,นนทบุรี,1,0.02
ตั้งเจริญถาวร,นนทบุรี,2,0.04
ยงใจยุทธ,นนทบุรี,2,0.04
สังข์โต,นนทบุรี,2,0.04
เจริญนนทสิทธิ์,นนทบุรี,2,0.04
บรรดาศักดิ์,นนทบุรี,3,0.06
วิริยะชัย,นนทบุรี,3,0.06
ศรีนนท์,นนทบุรี,4,0.08
อัจฉริยะประสิทธิ์,นนทบุรี,4,0.08
เรี่ยวแรง,นนทบุรี,4,0.08
รัตนเสถียร,นนทบุรี,7,0.14
จันทร์ประสงค์,นนทบุรี,12,0.24
กูจินามิง,นราธิวาส,1,0.02564102564
มะยูโซ๊ะ,นราธิวาส,1,0.02564102564
ลีวาเมาะ,นราธิวาส,1,0.02564102564
ศรีริกานนท์,นราธิวาส,1,0.02564102564
สาฮีบาตู,นราธิวาส,1,0.02564102564
แวดาโอะ,นราธิวาส,1,0.02564102564
เจตาภิวัฒน์,นราธิวาส,2,0.05128205128
พัฒนกุลเลิศ,นราธิวาส,3,0.07692307692
อูมา,นราธิวาส,3,0.07692307692
มามะ,นราธิวาส,5,0.1282051282
ยาวอหะซัน,นราธิวาส,5,0.1282051282
อุตรสินธุ์,นราธิวาส,5,0.1282051282
แวอาแซ,นราธิวาส,5,0.1282051282
โตะตาหยง,นราธิวาส,5,0.1282051282
ธีรประเทืองกุล,น่าน,1,0.03703703704
เศวตเศรนี,น่าน,2,0.07407407407
โลหะโชติ,น่าน,3,0.1111111111
ณ ลำพูน,น่าน,4,0.1481481481
รามสูต,น่าน,4,0.1481481481
ศรีแก้ว,น่าน,5,0.1851851852
สุปริยศิลป์,น่าน,8,0.2962962963
ติธรรม,บึงกาฬ,2,0.5
ราชป้องขันธ์,บึงกาฬ,2,0.5
งามกมล,บุรีรัมย์,1,0.01086956522
ฉันทะกุล,บุรีรัมย์,1,0.01086956522
ฐิติพิทยา,บุรีรัมย์,1,0.01086956522
ลัทธิกุล,บุรีรัมย์,1,0.01086956522
วรรณกางซ้าย,บุรีรัมย์,1,0.01086956522
สุขเกษม,บุรีรัมย์,1,0.01086956522
เหลืองอุดมชัย,บุรีรัมย์,1,0.01086956522
เฮงวาณิชย์,บุรีรัมย์,1,0.01086956522
ใสงาม,บุรีรัมย์,1,0.01086956522
คะสุวรรณ,บุรีรัมย์,2,0.02173913043
ชาติวัฒนศิริ,บุรีรัมย์,2,0.02173913043
นาคดี,บุรีรัมย์,2,0.02173913043
วัฒนพงศ์ศิริ,บุรีรัมย์,2,0.02173913043
ศรีสุริยันโยธิน,บุรีรัมย์,2,0.02173913043
เฮงยศมาก,บุรีรัมย์,2,0.02173913043
จุดโต,บุรีรัมย์,3,0.03260869565
ทิมาตฤกะ,บุรีรัมย์,3,0.03260869565
เทพอักษรณรงค์,บุรีรัมย์,3,0.03260869565
เตชะไพบูลย์,บุรีรัมย์,4,0.04347826087
เฮงสวัสดิ์,บุรีรัมย์,4,0.04347826087
ตั้งศรีเกียรติกุล,บุรีรัมย์,5,0.05434782609
เพชรสว่าง,บุรีรัมย์,5,0.05434782609
พลเดช,บุรีรัมย์,6,0.0652173913
เลี้ยงผ่องพันธุ์,บุรีรัมย์,6,0.0652173913
ซารัมย์,บุรีรัมย์,7,0.07608695652
ชิดชอบ,บุรีรัมย์,12,0.1304347826
ทองศรี,บุรีรัมย์,13,0.1413043478
กุวานนท์,ปทุมธานี,1,0.0243902439
ผลสุวรรณ์,ปทุมธานี,1,0.0243902439
พลธี,ปทุมธานี,1,0.0243902439
ยืนยง,ปทุมธานี,1,0.0243902439
รัตนสถาพร,ปทุมธานี,1,0.0243902439
ส่องแสง,ปทุมธานี,1,0.0243902439
เทพหัสดิน ณ อยุธยา,ปทุมธานี,1,0.0243902439
ใจแคล้ว,ปทุมธานี,1,0.0243902439
หมู่ดี,ปทุมธานี,2,0.0487804878
ธรรมสาร,ปทุมธานี,3,0.07317073171
นพขำ,ปทุมธานี,3,0.07317073171
ฤทธาคนี,ปทุมธานี,3,0.07317073171
ปานแย้ม,ปทุมธานี,4,0.09756097561
อึ้งอัมพรวิไล,ปทุมธานี,5,0.1219512195
หาญสวัสดิ์,ปทุมธานี,13,0.3170731707
พูลธรัตน์,ประจวบคีรีขันธ์,1,0.03703703704
วิสุทธิ์วัฒนศักดิ์,ประจวบคีรีขันธ์,1,0.03703703704
ทั่งทอง,ประจวบคีรีขันธ์,4,0.1481481481
ประจวบเหมาะ,ประจวบคีรีขันธ์,4,0.1481481481
พงศ์ถาวราเดช,ประจวบคีรีขันธ์,4,0.1481481481
ศรีอ่อน,ประจวบคีรีขันธ์,4,0.1481481481
ใจใหญ่,ประจวบคีรีขันธ์,4,0.1481481481
ปาน้อยนนท์,ประจวบคีรีขันธ์,5,0.1851851852
บุตรเนียร,ปราจีนบุรี,1,0.02777777778
พากเพียรศิลป์,ปราจีนบุรี,1,0.02777777778
วิลาวัลย์ ศรีจันทร์งาม,ปราจีนบุรี,1,0.02777777778
เมืองสุข,ปราจีนบุรี,1,0.02777777778
เสียงเจริญ,ปราจีนบุรี,1,0.02777777778
หิรัญบูรณะ,ปราจีนบุรี,2,0.05555555556
สมใจ,ปราจีนบุรี,3,0.08333333333
หงษ์วิไล,ปราจีนบุรี,3,0.08333333333
เทียนทอง,ปราจีนบุรี,4,0.1111111111
วิลาวัลย์,ปราจีนบุรี,9,0.25
ภุมมะกาญจนะ,ปราจีนบุรี,10,0.2777777778
จะปะกิยา,ปัตตานี,1,0.02941176471
ยูซง,ปัตตานี,1,0.02941176471
วาบา,ปัตตานี,1,0.02941176471
อาบู,ปัตตานี,1,0.02941176471
อาแวกือจิ,ปัตตานี,1,0.02941176471
เจ๊ะนา,ปัตตานี,1,0.02941176471
เจ๊ะโมง,ปัตตานี,2,0.05882352941
เบ็ญจลักษณ์,ปัตตานี,2,0.05882352941
ซูสารอ,ปัตตานี,3,0.08823529412
พิพิธภักดี,ปัตตานี,3,0.08823529412
ภูยุทธานนท์,ปัตตานี,3,0.08823529412
เบญอิบรอฮีม,ปัตตานี,3,0.08823529412
โต๊ะมีนา,ปัตตานี,3,0.08823529412
สาและ,ปัตตานี,4,0.1176470588
สุไลมาน,ปัตตานี,5,0.1470588235
ชัยโกศล,พระนครศรีอยุธยา,1,0.02380952381
วชิรพงศ์,พระนครศรีอยุธยา,1,0.02380952381
ไกรสรรณ์,พระนครศรีอยุธยา,1,0.02380952381
ไกรเดชา,พระนครศรีอยุธยา,1,0.02380952381
หงษ์ทอง,พระนครศรีอยุธยา,2,0.04761904762
ตรีสุขี,พระนครศรีอยุธยา,3,0.07142857143
บุรณศิริ,พระนครศรีอยุธยา,4,0.09523809524
พงษ์พานิช,พระนครศรีอยุธยา,4,0.09523809524
สภาวสุ,พระนครศรีอยุธยา,4,0.09523809524
ชีวานันท์,พระนครศรีอยุธยา,5,0.119047619
ด่านชัยวิจิตร,พระนครศรีอยุธยา,5,0.119047619
พันธ์เจริญวรกุล,พระนครศรีอยุธยา,5,0.119047619
แขวัฒนะ,พระนครศรีอยุธยา,6,0.1428571429
คำวงษา,พะเยา,1,0.03703703704
ธนะรังสฤษฏ์,พะเยา,1,0.03703703704
พรหมเผ่า,พะเยา,1,0.03703703704
ศรีจันทร์,พะเยา,1,0.03703703704
ศรีวิราช,พะเยา,1,0.03703703704
อึ้งอภินันท์,พะเยา,1,0.03703703704
เขื่อนทา,พะเยา,1,0.03703703704
ไชยมงคล,พะเยา,1,0.03703703704
บุญเชียง,พะเยา,3,0.1111111111
วงศ์ศรีวงศ์,พะเยา,3,0.1111111111
ชำนาญยา,พะเยา,4,0.1481481481
ตันบรรจง,พะเยา,4,0.1481481481
ไชยณรุณ,พะเยา,5,0.1851851852
ศรีฟ้า,พังงา,1,0.08333333333
ลักษณวิศิษฎ์,พังงา,2,0.1666666667
ลักษณวิศิษฏ์,พังงา,4,0.3333333333
ตันเถียร กุลจรรยาวิวัฒน์,พังงา,5,0.4166666667
คงมี,พัทลุง,1,0.03703703704
สุพรรณชนะบุรี,พัทลุง,1,0.03703703704
เทอดวีระพงศ์,พัทลุง,1,0.03703703704
นวลเปียน,พัทลุง,3,0.1111111111
ขำนุรักษ์,พัทลุง,5,0.1851851852
ธรรมเพชร,พัทลุง,8,0.2962962963
อินทรสมบัติ,พัทลุง,8,0.2962962963
ถาวรกูล,พิจิตร,1,0.02857142857
พัฒนรัฐ,พิจิตร,1,0.02857142857
ศรีบุศกร,พิจิตร,1,0.02857142857
สุขิตานนท์,พิจิตร,1,0.02857142857
สุรังสี,พิจิตร,1,0.02857142857
อินทร์สุข,พิจิตร,1,0.02857142857
อินสุวรรณ์,พิจิตร,1,0.02857142857
เหลืองวิจิตร,พิจิตร,1,0.02857142857
บุญเสรฐ,พิจิตร,5,0.1428571429
ภัทรประสิทธิ์,พิจิตร,6,0.1714285714
แก้วทอง,พิจิตร,7,0.2
ขจรประศาสน์,พิจิตร,9,0.2571428571
ทิวะพันธุ์,พิษณุโลก,1,0.02
น้อยวงศ์,พิษณุโลก,1,0.02
สอนสิทธิ์,พิษณุโลก,1,0.02
สันติภาดา,พิษณุโลก,1,0.02
สันติวงศ์เดชา,พิษณุโลก,1,0.02
อ่อนอ้าย,พิษณุโลก,1,0.02
วิวัฒน์ธนาฒย์,พิษณุโลก,2,0.04
อุชชิน,พิษณุโลก,2,0.04
เหลืองทองนารา,พิษณุโลก,2,0.04
พลไวย์,พิษณุโลก,3,0.06
เดชกิจวิกรม,พิษณุโลก,3,0.06
ไกรสิทธิพงศ์,พิษณุโลก,3,0.06
ช่างพินิจ,พิษณุโลก,4,0.08
มาฉิม,พิษณุโลก,4,0.08
ชามพูนท,พิษณุโลก,5,0.1
ปัทมสิริวัฒน์,พิษณุโลก,5,0.1
ไกรฤกษ์,พิษณุโลก,5,0.1
มนะสิการ,พิษณุโลก,6,0.12
จินดาพล,ภูเก็ต,1,0.07142857143
ถิ่นสาคู,ภูเก็ต,1,0.07142857143
ประทีป ณ ถลาง,ภูเก็ต,1,0.07142857143
อารีรอบ,ภูเก็ต,2,0.1428571429
เก็บทรัพย์,ภูเก็ต,2,0.1428571429
เสงี่ยมกุล,ภูเก็ต,2,0.1428571429
เทพบุตร,ภูเก็ต,5,0.3571428571
คณาสวัสดิ์,มหาสารคาม,1,0.01818181818
ชัยนิคม,มหาสารคาม,1,0.01818181818
ปะติเส,มหาสารคาม,1,0.01818181818
ศิริไปล์,มหาสารคาม,1,0.01818181818
อุรเคนทร์,มหาสารคาม,1,0.01818181818
เชาวรัตน์,มหาสารคาม,1,0.01818181818
เฮงสวัสดิ์,มหาสารคาม,1,0.01818181818
คลังแสง,มหาสารคาม,2,0.03636363636
จันทรเจริญ,มหาสารคาม,2,0.03636363636
พลโคตร,มหาสารคาม,2,0.03636363636
ยนต์ตระกูล,มหาสารคาม,2,0.03636363636
จรัสเสถียร,มหาสารคาม,3,0.05454545455
ทองสมบูรณ์,มหาสารคาม,3,0.05454545455
ศิริโกมุท,มหาสารคาม,3,0.05454545455
ชัยรุ่งเรือง,มหาสารคาม,4,0.07272727273
ติณรัตน์,มหาสารคาม,4,0.07272727273
ศรีสังข์,มหาสารคาม,4,0.07272727273
กงเพชร,มหาสารคาม,6,0.1090909091
โชคชัยวัฒนากร,มหาสารคาม,6,0.1090909091
ศิริพานิชย์,มหาสารคาม,7,0.1272727273
ตันติกุลพงศ์,มุกดาหาร,1,0.05555555556
นาวาพานิช,มุกดาหาร,1,0.05555555556
กิ่งคำวงศ์,มุกดาหาร,2,0.1111111111
ตั้งปณิธานนท์,มุกดาหาร,2,0.1111111111
บุตรดีวงค์,มุกดาหาร,2,0.1111111111
ประทุมลี,มุกดาหาร,2,0.1111111111
แสนวิเศษ,มุกดาหาร,2,0.1111111111
เชาว์ศิริกุล,มุกดาหาร,3,0.1666666667
โภคสวัสดิ์,มุกดาหาร,3,0.1666666667
สาแม็ง,ยะลา,1,0.04
อาลีอิสเฮาะ,ยะลา,1,0.04
ดูดิง,ยะลา,2,0.08
อุเซ็ง,ยะลา,2,0.08
เด็งระกีนา,ยะลา,3,0.12
ยิ่งสมาน,ยะลา,4,0.16
พงษ์สุวรรณศิริ,ยะลา,6,0.24
มะทา,ยะลา,6,0.24
ทองบุราณ,ยโสธร,1,0.03125
บุญญชโลธร,ยโสธร,1,0.03125
วุฒิกาญจน์,ยโสธร,1,0.03125
ศรีชนะ,ยโสธร,1,0.03125
ไชยกุล,ยโสธร,1,0.03125
จันทร์อารักษ์,ยโสธร,2,0.0625
นิจพานิชย์,ยโสธร,2,0.0625
ประดับศรี,ยโสธร,2,0.0625
พันธ์สายเชื้อ,ยโสธร,2,0.0625
ศรีลาภ,ยโสธร,2,0.0625
สมวงศ์,ยโสธร,2,0.0625
พาลุสุข,ยโสธร,3,0.09375
เดชเสน,ยโสธร,3,0.09375
วงษ์ไกร,ยโสธร,4,0.125
คานเขต,ยโสธร,5,0.15625
ฉัตรมาลีรัตน์,ระนอง,1,0.1111111111
ร่มเย็น,ระนอง,8,0.8888888889
ยมจินดา,ระยอง,1,0.03225806452
วีระพันธ์,ระยอง,1,0.03225806452
โสภณ,ระยอง,1,0.03225806452
กุมภะ,ระยอง,2,0.06451612903
ล้ำสุทธิ,ระยอง,2,0.06451612903
เจตนจันทร์,ระยอง,3,0.09677419355
การุญ,ระยอง,5,0.1612903226
อรุณเวสสะเศรษฐ,ระยอง,5,0.1612903226
ปิตุเตชะ,ระยอง,11,0.3548387097
ขำเจริญ,ราชบุรี,1,0.02173913043
จินตานนท์,ราชบุรี,1,0.02173913043
ชินธรรมมิตร,ราชบุรี,1,0.02173913043
ชีววิญญู,ราชบุรี,1,0.02173913043
ปาจรียางกูร,ราชบุรี,1,0.02173913043
พิริยะปัญญาพร,ราชบุรี,1,0.02173913043
วงษ์พิทักษ์โรจน์,ราชบุรี,1,0.02173913043
ศรสุวรรณ,ราชบุรี,1,0.02173913043
เกษมทองศรี,ราชบุรี,1,0.02173913043
เส็งประเสริฐ,ราชบุรี,1,0.02173913043
มังคลรังษี,ราชบุรี,2,0.04347826087
ศิริเนาวกุล,ราชบุรี,2,0.04347826087
ลัทธศักดิ์ศิริ,ราชบุรี,3,0.0652173913
วัฒนาประสิทธิ์,ราชบุรี,3,0.0652173913
นิติกาญจนา,ราชบุรี,4,0.08695652174
นพอมรบดี,ราชบุรี,5,0.1086956522
ประเสริฐโสภา,ราชบุรี,5,0.1086956522
กลิ่นประทุม,ราชบุรี,6,0.1304347826
ไกรคุปต์,ราชบุรี,6,0.1304347826
จันทะวัฒน์,ร้อยเอ็ด,1,0.01298701299
ทะไกรราช,ร้อยเอ็ด,1,0.01298701299
มาลัยศรี,ร้อยเอ็ด,1,0.01298701299
ยนต์ตระกูล,ร้อยเอ็ด,1,0.01298701299
ว่องสัธนพงษ์,ร้อยเอ็ด,1,0.01298701299
หมื่นแสน,ร้อยเอ็ด,1,0.01298701299
พันธุ์ศิลา,ร้อยเอ็ด,2,0.02597402597
วรเชษฐ์,ร้อยเอ็ด,2,0.02597402597
โฆษิตจิรนันท์,ร้อยเอ็ด,2,0.02597402597
ชมภูแดง,ร้อยเอ็ด,3,0.03896103896
ศรีสวาสดิ์,ร้อยเอ็ด,3,0.03896103896
สุจารี,ร้อยเอ็ด,3,0.03896103896
หิรัญโชติ,ร้อยเอ็ด,3,0.03896103896
ดนัยตั้งตระกูล,ร้อยเอ็ด,4,0.05194805195
สมทรัพย์,ร้อยเอ็ด,5,0.06493506494
สินธุไพร,ร้อยเอ็ด,5,0.06493506494
ไวนิยมพงศ์,ร้อยเอ็ด,5,0.06493506494
จุรีมาศ,ร้อยเอ็ด,6,0.07792207792
นาเมืองรักษ์,ร้อยเอ็ด,6,0.07792207792
คงเพชร,ร้อยเอ็ด,7,0.09090909091
พลซื่อ,ร้อยเอ็ด,7,0.09090909091
ขามช่วง,ร้อยเอ็ด,8,0.1038961039
วรรณิสสร,ลพบุรี,1,0.02222222222
สุทธิอำนวยเดช,ลพบุรี,1,0.02222222222
บัวหลวงงาม,ลพบุรี,2,0.04444444444
ลายน้ำเงิน,ลพบุรี,2,0.04444444444
วงศ์กวี,ลพบุรี,2,0.04444444444
วังกานนท์,ลพบุรี,2,0.04444444444
เหลืองขจรวิทย์,ลพบุรี,2,0.04444444444
สุดลาภา,ลพบุรี,3,0.06666666667
เกียรติวินัยสกุล,ลพบุรี,3,0.06666666667
ธาราภูมิ,ลพบุรี,4,0.08888888889
คลังผา,ลพบุรี,5,0.1111111111
จิระพันธุ์วาณิช,ลพบุรี,8,0.1777777778
วรปัญญา,ลพบุรี,10,0.2222222222
ถาคำฟู,ลำปาง,1,0.02222222222
วงศ์สวัสดิ์,ลำปาง,1,0.02222222222
สิทธิวัง,ลำปาง,1,0.02222222222
สายเทพ,ลำปาง,2,0.04444444444
ตรีทอง,ลำปาง,4,0.08888888889
ทองสวัสดิ์,ลำปาง,4,0.08888888889
พยัคฆบุตร,ลำปาง,7,0.1555555556
โล่ห์สุนทร,ลำปาง,11,0.2444444444
จันทรสุรินทร์,ลำปาง,14,0.3111111111
วงศ์สวัสดิ์,ลำพูน,1,0.03703703704
วิพรหมชัย,ลำพูน,1,0.03703703704
การวัฒนาศิริกุล,ลำพูน,2,0.07407407407
ชมภูเทพ,ลำพูน,2,0.07407407407
ปานลักษณ์,ลำพูน,2,0.07407407407
พุทธปวน,ลำพูน,2,0.07407407407
วงศ์วรรณ,ลำพูน,3,0.1111111111
ด่านไพบูลย์,ลำพูน,4,0.1481481481
พงษ์มณี,ลำพูน,5,0.1851851852
มณีรัตน์,ลำพูน,5,0.1851851852
จึงวรานนท์,ศรีสะเกษ,1,0.01149425287
พรมดวง,ศรีสะเกษ,1,0.01149425287
สรรณ์ไตรภพ,ศรีสะเกษ,1,0.01149425287
แสงทอง,ศรีสะเกษ,1,0.01149425287
บุญเฉลียว,ศรีสะเกษ,2,0.02298850575
มหาสุวีระชัย,ศรีสะเกษ,2,0.02298850575
ลีธีระประเสริฐ,ศรีสะเกษ,2,0.02298850575
วงศ์ปลั่ง,ศรีสะเกษ,2,0.02298850575
สมหมาย,ศรีสะเกษ,2,0.02298850575
สืบสายพรหม,ศรีสะเกษ,2,0.02298850575
อังคสกุลเกียรติ,ศรีสะเกษ,2,0.02298850575
อินฉัตร,ศรีสะเกษ,2,0.02298850575
เจริญประเสริฐ,ศรีสะเกษ,2,0.02298850575
ใจดี,ศรีสะเกษ,2,0.02298850575
ชาญประดิษฐ์,ศรีสะเกษ,3,0.03448275862
ไตรสรณกุล,ศรีสะเกษ,3,0.03448275862
จิตสัมฤทธิ์,ศรีสะเกษ,4,0.04597701149
โพธิสาโร,ศรีสะเกษ,4,0.04597701149
ใสกระจ่าง,ศรีสะเกษ,4,0.04597701149
แซ่จึง,ศรีสะเกษ,5,0.05747126437
โหตระไวศยะ,ศรีสะเกษ,5,0.05747126437
จรัสดำรงนิตย์,ศรีสะเกษ,6,0.06896551724
วีสมหมาย,ศรีสะเกษ,6,0.06896551724
เครือรัตน์,ศรีสะเกษ,6,0.06896551724
เพ็งนรพัฒน์,ศรีสะเกษ,7,0.08045977011
วัชราภรณ์,ศรีสะเกษ,10,0.1149425287
บุญใหญ่,สกลนคร,1,0.01639344262
ลีลาบุตร,สกลนคร,1,0.01639344262
วิชิตวรสาร,สกลนคร,1,0.01639344262
สุทธิวงศ์,สกลนคร,1,0.01639344262
อุดมธรรมภักดี,สกลนคร,1,0.01639344262
แก้วก่า,สกลนคร,1,0.01639344262
ทองธิราช,สกลนคร,2,0.03278688525
รัตนวิจารณ์,สกลนคร,2,0.03278688525
ฤทธิ์ฤๅชัย,สกลนคร,2,0.03278688525
ศรีถาพร,สกลนคร,2,0.03278688525
สัพโส,สกลนคร,2,0.03278688525
สุขรัตน์,สกลนคร,2,0.03278688525
การุญ,สกลนคร,3,0.04918032787
ตยางคนนท์,สกลนคร,3,0.04918032787
รักความสุข,สกลนคร,3,0.04918032787
เวชกามา,สกลนคร,3,0.04918032787
พรหมภักดี,สกลนคร,4,0.06557377049
อุฬารกุล,สกลนคร,4,0.06557377049
สาระนันท์,สกลนคร,5,0.08196721311
อุประ,สกลนคร,5,0.08196721311
บุญศล,สกลนคร,6,0.09836065574
ตีรสวัสดิชัย,สกลนคร,7,0.1147540984
ขาวทอง,สงขลา,1,0.01388888889
จันทรโชติกุล,สงขลา,1,0.01388888889
จำนง,สงขลา,1,0.01388888889
ปริญญาศิริ,สงขลา,1,0.01388888889
พรหมเพชร,สงขลา,1,0.01388888889
ศรีก่อเกื้อ,สงขลา,1,0.01388888889
ศรีปาน,สงขลา,1,0.01388888889
ศิรินุพงศ์,สงขลา,1,0.01388888889
สวัสดี,สงขลา,1,0.01388888889
หลีเหร็ม,สงขลา,1,0.01388888889
ปาลาเร่,สงขลา,2,0.02777777778
ผ่องแผ้ว,สงขลา,2,0.02777777778
เอกอุรุ,สงขลา,3,0.04166666667
กัลยาศิริ,สงขลา,4,0.05555555556
ราชสีห์,สงขลา,4,0.05555555556
โสภา,สงขลา,4,0.05555555556
บุญญามณี,สงขลา,5,0.06944444444
พัฒโน,สงขลา,5,0.06944444444
สุวิทย์,สงขลา,6,0.08333333333
ลาภาโรจน์กิจ,สงขลา,7,0.09722222222
สุวรรณคีรี,สงขลา,7,0.09722222222
เสนเนียม,สงขลา,13,0.1805555556
รัชกิจประการ,สตูล,1,0.05882352941
เนาวเกตุ,สตูล,1,0.05882352941
เลียงประสิทธิ์,สตูล,1,0.05882352941
มะหะมัดยังกี,สตูล,2,0.1176470588
ม่าเหร็ม,สตูล,3,0.1764705882
สุธากุล,สตูล,3,0.1764705882
ใจสมุทร,สตูล,6,0.3529411765
ธารดำรงค์,สมุทรปราการ,1,0.01666666667
บุญชู,สมุทรปราการ,1,0.01666666667
พูลเจริญ,สมุทรปราการ,1,0.01666666667
วีรชาติวัฒนา,สมุทรปราการ,1,0.01666666667
สาดิษฐ์,สมุทรปราการ,1,0.01666666667
สุวรรณบุตร,สมุทรปราการ,1,0.01666666667
เทียนสุวรรณ,สมุทรปราการ,1,0.01666666667
เหมะ,สมุทรปราการ,1,0.01666666667
ชัยกิจเด่นนภาลัย,สมุทรปราการ,2,0.03333333333
ชัยสดมภ์,สมุทรปราการ,2,0.03333333333
ยั่งยืน,สมุทรปราการ,2,0.03333333333
ระหงษ์,สมุทรปราการ,2,0.03333333333
สุขวัฒน์,สมุทรปราการ,2,0.03333333333
สุทินเผือก,สมุทรปราการ,2,0.03333333333
เด่นนภาลัย,สมุทรปราการ,2,0.03333333333
รัศมิทัต,สมุทรปราการ,3,0.05
ลิ้มสกุลศิริรัตน์,สมุทรปราการ,3,0.05
กิจเลิศไพโรจน์,สมุทรปราการ,4,0.06666666667
กุลเจริญ,สมุทรปราการ,4,0.06666666667
ประสพดี,สมุทรปราการ,4,0.06666666667
พัธโนทัย,สมุทรปราการ,4,0.06666666667
ยังตรง,สมุทรปราการ,6,0.1
อัศวเหม,สมุทรปราการ,10,0.1666666667
ธนิกุล,สมุทรสงคราม,4,0.4444444444
รอดรัศมี,สมุทรสงคราม,5,0.5555555556
กลับบ้านเกาะ,สมุทรสาคร,1,0.04
นิลถนอม,สมุทรสาคร,1,0.04
ป้องวงษ์,สมุทรสาคร,1,0.04
สุนทรวร,สมุทรสาคร,1,0.04
เบ็ญจะปัก,สมุทรสาคร,1,0.04
ก๊กผล,สมุทรสาคร,2,0.08
ชวนบุญ,สมุทรสาคร,2,0.08
ระหงษ์,สมุทรสาคร,2,0.08
ทับสุวรรณ,สมุทรสาคร,4,0.16
ไกรวัตนุสสรณ์,สมุทรสาคร,10,0.4
ศิลาพร,สระบุรี,1,0.02941176471
อำนาคะ,สระบุรี,1,0.02941176471
คูวิจิตรสุวรรณ,สระบุรี,2,0.05882352941
รุ่งวิจิตรชัย,สระบุรี,3,0.08823529412
บุญสุภา,สระบุรี,4,0.1176470588
สุนทรวัฒน์,สระบุรี,4,0.1176470588
วงษ์ประยูร,สระบุรี,5,0.1470588235
อดิเรกสาร,สระบุรี,14,0.4117647059
ชิงนวรรณ์,สระแก้ว,1,0.04761904762
หิรัญบูรณะ,สระแก้ว,1,0.04761904762
เทียนทอง,สระแก้ว,19,0.9047619048
ผาสุข,สิงห์บุรี,1,0.09090909091
หอมหวล,สิงห์บุรี,1,0.09090909091
ปั้นเกตุ,สิงห์บุรี,2,0.1818181818
วิจารณ์ปรีชา,สิงห์บุรี,3,0.2727272727
ธนาคมานุสรณ์,สิงห์บุรี,4,0.3636363636
กุลศรี,สุพรรณบุรี,1,0.01886792453
จันทร์สว่าง,สุพรรณบุรี,1,0.01886792453
มาตรศรี,สุพรรณบุรี,2,0.03773584906
สุจิตต์,สุพรรณบุรี,2,0.03773584906
เที่ยงธรรม,สุพรรณบุรี,9,0.1698113208
ประเสริฐสุวรรณ,สุพรรณบุรี,10,0.1886792453
โพธสุธน,สุพรรณบุรี,10,0.1886792453
ศิลปอาชา,สุพรรณบุรี,18,0.3396226415
ประดิษฐพร,สุราษฎร์ธานี,1,0.01886792453
วิชัยดิษฐ,สุราษฎร์ธานี,1,0.01886792453
ศรีบุศยกาญจน์,สุราษฎร์ธานี,1,0.01886792453
ขวัญเมือง,สุราษฎร์ธานี,2,0.03773584906
บรรทัดฐาน,สุราษฎร์ธานี,4,0.07547169811
เลิศไกร,สุราษฎร์ธานี,5,0.09433962264
นิลวัชรมณี,สุราษฎร์ธานี,8,0.1509433962
กาญจนะ,สุราษฎร์ธานี,9,0.1698113208
พริ้งศุลกะ,สุราษฎร์ธานี,9,0.1698113208
เทือกสุบรรณ,สุราษฎร์ธานี,13,0.2452830189
กองทอง,สุรินทร์,1,0.01234567901
จรัสรพีพงษ์,สุรินทร์,1,0.01234567901
ทัศนเศรษฐ,สุรินทร์,1,0.01234567901
ธัญญสกุลกิจ,สุรินทร์,1,0.01234567901
ภูวพันธุ์,สุรินทร์,1,0.01234567901
วีระเสถียร,สุรินทร์,1,0.01234567901
สมบูรณ์เทอดธนา,สุรินทร์,1,0.01234567901
เทพวงศ์ศิริรัตน์,สุรินทร์,1,0.01234567901
ไชยศีรษะ,สุรินทร์,1,0.01234567901
ปรีชาชนะชัย,สุรินทร์,2,0.02469135802
มั่นหมาย,สุรินทร์,2,0.02469135802
เจริญพันธ์,สุรินทร์,2,0.02469135802
ควรหา,สุรินทร์,3,0.03703703704
สุไลมาน,สุรินทร์,3,0.03703703704
อามระดิษ,สุรินทร์,3,0.03703703704
เรืองกาญจนเศรษฐ์,สุรินทร์,3,0.03703703704
แสนภูมิ,สุรินทร์,3,0.03703703704
พูนศรีธนากูล,สุรินทร์,4,0.04938271605
สังข์พุ่ม,สุรินทร์,4,0.04938271605
เตียวเจริญโสภา,สุรินทร์,4,0.04938271605
แอกทอง,สุรินทร์,4,0.04938271605
รุ่งธนเกียรติ,สุรินทร์,5,0.06172839506
ร่วมพัฒนา,สุรินทร์,5,0.06172839506
ศรีสุรินทร์,สุรินทร์,7,0.08641975309
มุ่งเจริญพร,สุรินทร์,9,0.1111111111
มูลศาสตรสาทร,สุรินทร์,9,0.1111111111
กุลนาถศิริ,สุโขทัย,1,0.02857142857
คีรีมาศทอง,สุโขทัย,1,0.02857142857
ชัยวิรัตน์นุกุล,สุโขทัย,1,0.02857142857
พุกประเสริฐ,สุโขทัย,1,0.02857142857
สุรินทร์คำ,สุโขทัย,1,0.02857142857
ตั้งเบญจผล,สุโขทัย,2,0.05714285714
วิริยะพงษ์,สุโขทัย,2,0.05714285714
หมีเทศ,สุโขทัย,2,0.05714285714
ชุมดวง,สุโขทัย,3,0.08571428571
ทองปากน้ำ,สุโขทัย,4,0.1142857143
เขียวฤทธิ์,สุโขทัย,5,0.1428571429
ลิมปะพันธุ์,สุโขทัย,6,0.1714285714
เทพสุทิน,สุโขทัย,6,0.1714285714
ตันเทอดทิตย์,หนองคาย,1,0.02040816327
ติธรรม,หนองคาย,1,0.02040816327
ราชป้องขันธ์,หนองคาย,1,0.02040816327
รามสูต,หนองคาย,1,0.02040816327
แสงศรี,หนองคาย,1,0.02040816327
คนขยัน,หนองคาย,2,0.04081632653
คำพิไสย์,หนองคาย,2,0.04081632653
นิกรเทศ,หนองคาย,2,0.04081632653
บาลไธสง,หนองคาย,2,0.04081632653
เจริญดี,หนองคาย,2,0.04081632653
โกวิทศิริกุล,หนองคาย,2,0.04081632653
ศรีตะบุตร,หนองคาย,3,0.0612244898
อินทร์รอด,หนองคาย,3,0.0612244898
จารุสมบัติ,หนองคาย,4,0.08163265306
พรมพันห่าว,หนองคาย,4,0.08163265306
สุนทรชัย,หนองคาย,4,0.08163265306
จันทาทอง,หนองคาย,7,0.1428571429
เอียสกุล,หนองคาย,7,0.1428571429
กองจันทร์ดี,หนองบัวลำภู,1,0.04761904762
นุชิต,หนองบัวลำภู,1,0.04761904762
พิบูลย์วัฒนวงษ์,หนองบัวลำภู,1,0.04761904762
สุวรรณพรหม,หนองบัวลำภู,2,0.09523809524
สามิตร,หนองบัวลำภู,4,0.1904761905
พรหมา,หนองบัวลำภู,6,0.2857142857
หัตถสงเคราะห์,หนองบัวลำภู,6,0.2857142857
กีฬา,อำนาจเจริญ,1,0.07142857143
จันทวารา,อำนาจเจริญ,1,0.07142857143
ทองประเสริฐ,อำนาจเจริญ,1,0.07142857143
มะหิพันธ์,อำนาจเจริญ,1,0.07142857143
อุดมศักดิ์,อำนาจเจริญ,1,0.07142857143
บัวบุตร,อำนาจเจริญ,2,0.1428571429
ศิริขันธ์,อำนาจเจริญ,3,0.2142857143
เงินหมื่น,อำนาจเจริญ,4,0.2857142857
นุชิต,อุดรธานี,1,0.01063829787
นุอุปละ,อุดรธานี,1,0.01063829787
วรคามิน,อุดรธานี,1,0.01063829787
วิเชียรวรรณ,อุดรธานี,1,0.01063829787
สาราคำ,อุดรธานี,1,0.01063829787
อยู่ประเสริฐ,อุดรธานี,1,0.01063829787
เมาะราษี,อุดรธานี,1,0.01063829787
เอี่ยมวงศ์,อุดรธานี,1,0.01063829787
พรหมา,อุดรธานี,2,0.02127659574
วานิชชัง,อุดรธานี,2,0.02127659574
หัตถสงเคราะห์,อุดรธานี,2,0.02127659574
บุษราคัม,อุดรธานี,3,0.03191489362
ฝ้ายสีงาม,อุดรธานี,3,0.03191489362
พิมานเมฆินทร์,อุดรธานี,3,0.03191489362
ศรีพันธุ์,อุดรธานี,3,0.03191489362
สีลาวงษ์,อุดรธานี,3,0.03191489362
เมนะสวัสดิ์,อุดรธานี,3,0.03191489362
แสนแก้ว,อุดรธานี,3,0.03191489362
ชัยเชาวรัตน์,อุดรธานี,4,0.04255319149
ชำนาญศิลป์,อุดรธานี,4,0.04255319149
มนิสสาร,อุดรธานี,4,0.04255319149
สุขธนะ,อุดรธานี,4,0.04255319149
เพชรพนมพร,อุดรธานี,4,0.04255319149
จิรเมธากร,อุดรธานี,5,0.05319148936
ชัยนิคม,อุดรธานี,5,0.05319148936
ขาวขำ,อุดรธานี,6,0.06382978723
ชัยจิตวณิชกุล,อุดรธานี,6,0.06382978723
สนิทวงศ์ชัย,อุดรธานี,7,0.07446808511
ไชยสาส์น,อุดรธานี,10,0.1063829787
บรรจงศุภมิตร,อุตรดิตถ์,1,0.03703703704
เลี้ยงบำรุง,อุตรดิตถ์,1,0.03703703704
สีหลักษณ์,อุตรดิตถ์,2,0.07407407407
สุขสวัสดิ์,อุตรดิตถ์,2,0.07407407407
ศรัณย์เกตุ,อุตรดิตถ์,4,0.1481481481
เล็กอุทัย,อุตรดิตถ์,5,0.1851851852
ลิ้มตระกูล,อุตรดิตถ์,6,0.2222222222
ศิริวัฒน์,อุตรดิตถ์,6,0.2222222222
พัวพัฒนกุล,อุทัยธานี,1,0.05555555556
เหลืองบริบูรณ์,อุทัยธานี,1,0.05555555556
พลเสน,อุทัยธานี,2,0.1111111111
วีระยุทธวัฒนะ,อุทัยธานี,2,0.1111111111
เริงประเสริฐวิทย์,อุทัยธานี,2,0.1111111111
นุ้ยปรี,อุทัยธานี,3,0.1666666667
มงคลศิริ,อุทัยธานี,3,0.1666666667
ไทยเศรษฐ์,อุทัยธานี,4,0.2222222222
ขันอาสา,อุบลราชธานี,1,0.009523809524
จันทรวงศ์,อุบลราชธานี,1,0.009523809524
จุลโคตร,อุบลราชธานี,1,0.009523809524
ณรงค์เดช,อุบลราชธานี,1,0.009523809524
ทรงอำนาจเจริญ,อุบลราชธานี,1,0.009523809524
บันทุปา,อุบลราชธานี,1,0.009523809524
บัวขาว,อุบลราชธานี,1,0.009523809524
บุณย์ธิดา สมชัย,อุบลราชธานี,1,0.009523809524
พสุนนท์,อุบลราชธานี,1,0.009523809524
วาจาดี,อุบลราชธานี,1,0.009523809524
สันตพันธุ์,อุบลราชธานี,1,0.009523809524
เรืองกาญจนเศรษฐ์,อุบลราชธานี,1,0.009523809524
จรูญเนตร,อุบลราชธานี,2,0.01904761905
รัตโน,อุบลราชธานี,2,0.01904761905
ศรีหล้า,อุบลราชธานี,2,0.01904761905
เงินหมื่น,อุบลราชธานี,2,0.01904761905
เชื้อคง,อุบลราชธานี,2,0.01904761905
โสภิตชา,อุบลราชธานี,2,0.01904761905
โหตระไวศยะ,อุบลราชธานี,2,0.01904761905
ไทยมงคล,อุบลราชธานี,2,0.01904761905
ตันติวณิชชานนท์,อุบลราชธานี,3,0.02857142857
ทองประเสริฐ,อุบลราชธานี,3,0.02857142857
ผาลีพัฒน์,อุบลราชธานี,3,0.02857142857
พิริยะกิจไพบูลย์,อุบลราชธานี,3,0.02857142857
เทียมสุวรรณ,อุบลราชธานี,3,0.02857142857
เลาหพงศ์ชนะ,อุบลราชธานี,3,0.02857142857
โภคกุลกานนท์,อุบลราชธานี,3,0.02857142857
เทียมประเสริฐ,อุบลราชธานี,4,0.0380952381
โควสุรัตน์,อุบลราชธานี,4,0.0380952381
ฟองงาม,อุบลราชธานี,5,0.04761904762
พิทักษ์พรพัลลภ,อุบลราชธานี,6,0.05714285714
กัลป์ตินันท์,อุบลราชธานี,7,0.06666666667
สมชัย,อุบลราชธานี,7,0.06666666667
นามบุตร,อุบลราชธานี,9,0.08571428571
จินตะเวช,อุบลราชธานี,14,0.1333333333
หงษ์อุปถัมภ์ไชย,อ่างทอง,1,0.05555555556
วิสิษฐยุทธศาสตร์,อ่างทอง,2,0.1111111111
เปาอินทร์,อ่างทอง,3,0.1666666667
ปริศนานันทกุล,อ่างทอง,12,0.6666666667
คำสมุทร,เชียงราย,1,0.01449275362
พุทธจันทร์,เชียงราย,1,0.01449275362
รมยานนท์,เชียงราย,1,0.01449275362
รัตนสัค,เชียงราย,1,0.01449275362
เพียรพิเศษ,เชียงราย,1,0.01449275362
ปัญญาดี,เชียงราย,2,0.02898550725
ภูนิคม,เชียงราย,2,0.02898550725
มุตตามระ,เชียงราย,2,0.02898550725
ตรีรัตน์ณรงค์,เชียงราย,3,0.04347826087
ประชามอญ,เชียงราย,3,0.04347826087
อึ้งอภินันท์,เชียงราย,3,0.04347826087
เชื้อเมืองพาน,เชียงราย,3,0.04347826087
เลิศนุวัฒน์,เชียงราย,3,0.04347826087
เจียมวิจักษณ์,เชียงราย,4,0.05797101449
แก้วมีชัย,เชียงราย,4,0.05797101449
แก้วหลวง,เชียงราย,4,0.05797101449
จงสุทธนามณี,เชียงราย,6,0.08695652174
ติยะไพรัช,เชียงราย,7,0.1014492754
วันไชยธนวงศ์,เชียงราย,8,0.115942029
เตชะธีราวัฒน์,เชียงราย,10,0.1449275362
ดาบธรรม,เชียงใหม่,1,0.01111111111
ตันติมนตรี,เชียงใหม่,1,0.01111111111
ตั้งสุทธิธรรม,เชียงใหม่,1,0.01111111111
นิมมลรัตน์,เชียงใหม่,1,0.01111111111
บุญลือ,เชียงใหม่,1,0.01111111111
ผ่องเจริญกุล,เชียงใหม่,1,0.01111111111
พุทธปวน,เชียงใหม่,1,0.01111111111
ภูอิทธิวงศ์,เชียงใหม่,1,0.01111111111
รินคำ,เชียงใหม่,1,0.01111111111
วรวัลย์,เชียงใหม่,1,0.01111111111
สุวภาพ,เชียงใหม่,1,0.01111111111
แพรสกุล,เชียงใหม่,1,0.01111111111
ชินวัตร,เชียงใหม่,2,0.02222222222
นิยมไทย,เชียงใหม่,2,0.02222222222
วงศ์ไชย,เชียงใหม่,2,0.02222222222
สุภาศรี,เชียงใหม่,2,0.02222222222
อรรถปรียางกูร,เชียงใหม่,2,0.02222222222
เชาวน์ประยูร,เชียงใหม่,2,0.02222222222
เสียมภักดี,เชียงใหม่,2,0.02222222222
โกฎคำลือ,เชียงใหม่,2,0.02222222222
โตวิจักษณ์ชัยกุล,เชียงใหม่,2,0.02222222222
ตันสุหัช,เชียงใหม่,3,0.03333333333
ภู่จีนาพันธุ์,เชียงใหม่,3,0.03333333333
ยศสุข,เชียงใหม่,3,0.03333333333
วุฒินันชัย,เชียงใหม่,3,0.03333333333
บูรณุปกรณ์,เชียงใหม่,4,0.04444444444
ภัคเกษม,เชียงใหม่,4,0.04444444444
วงศ์สวัสดิ์,เชียงใหม่,4,0.04444444444
เตริยาภิรมย์,เชียงใหม่,4,0.04444444444
ทรงคำ,เชียงใหม่,5,0.05555555556
รัฐผไท,เชียงใหม่,5,0.05555555556
ณ เชียงใหม่,เชียงใหม่,6,0.06666666667
เกียรติไชยากร,เชียงใหม่,7,0.07777777778
อมรวิวัฒน์,เชียงใหม่,9,0.1
สถิรชวาล,เพชรบุรี,1,0.03703703704
อุสาหะ,เพชรบุรี,1,0.03703703704
อุ๋ยตระกูล,เพชรบุรี,1,0.03703703704
แก้วอยู่,เพชรบุรี,1,0.03703703704
ยี่สาร,เพชรบุรี,5,0.1851851852
พลบุตร,เพชรบุรี,6,0.2222222222
สุภาแพ่ง,เพชรบุรี,6,0.2222222222
อังกินันทน์,เพชรบุรี,6,0.2222222222
บัวอินทร์,เพชรบูรณ์,1,0.01666666667
บุตรขุนทอง,เพชรบูรณ์,1,0.01666666667
สว่างวโรรส,เพชรบูรณ์,1,0.01666666667
จันทร์แสงศรี,เพชรบูรณ์,2,0.03333333333
ตั้งตระกูลไท,เพชรบูรณ์,2,0.03333333333
แสงวิจิตร,เพชรบูรณ์,2,0.03333333333
ชวาลสันตติ,เพชรบูรณ์,3,0.05
นาคะบุตร,เพชรบูรณ์,3,0.05
พรพฤฒิพันธุ์,เพชรบูรณ์,3,0.05
บัวสุวรรณ,เพชรบูรณ์,4,0.06666666667
เกสรทอง,เพชรบูรณ์,4,0.06666666667
จันทรภักดี,เพชรบูรณ์,5,0.08333333333
พร้อมพัฒน์,เพชรบูรณ์,5,0.08333333333
ทองใจสด,เพชรบูรณ์,8,0.1333333333
พั้วช่วย,เพชรบูรณ์,8,0.1333333333
อนรรฆพันธ์,เพชรบูรณ์,8,0.1333333333
ชุนละเอียด,เลย,1,0.02857142857
บุษบา,เลย,1,0.02857142857
พัฒนชัยกุล,เลย,1,0.02857142857
สิทธิโห,เลย,1,0.02857142857
โยทองยศ,เลย,1,0.02857142857
เกตะวันดี,เลย,2,0.05714285714
กำลังเอก,เลย,3,0.08571428571
แสงเจริญรัตน์,เลย,3,0.08571428571
สังขทรัพย์,เลย,5,0.1428571429
ทิมสุวรรณ,เลย,7,0.2
เร่งสมบูรณ์สุข,เลย,10,0.2857142857
สันติวชิระกุล,แพร่,1,0.03846153846
ซื่อทรงธรรม,แพร่,1,0.03846153846
วิวรรธนดิฐกุล,แพร่,2,0.07692307692
ปราศจากศัตรู,แพร่,3,0.1153846154
รังคสิริ,แพร่,3,0.1153846154
วงศ์วรรณ,แพร่,3,0.1153846154
เสรีรักษ์,แพร่,5,0.1923076923
เอื้ออภิญญกุล,แพร่,8,0.3076923077
วันไชยธนวงศ์,แม่ฮ่องสอน,1,0.08333333333
ยะสินธุ์,แม่ฮ่องสอน,2,0.1666666667
สว่างกุล,แม่ฮ่องสอน,2,0.1666666667
ไพรวัลย์,แม่ฮ่องสอน,2,0.1666666667
จีนาคำ,แม่ฮ่องสอน,5,0.4166666667